Method,Name,Error,Occurrences
GET,/api/v1/contactservice/contacts/account/e30a505b-f704-4bef-a438-fc6ac94887ef,"ConnectionResetError(104, 'Connection reset by peer')",1
GET,/api/v1/contactservice/contacts/account/eb800982-59bf-4ed7-8d0e-e39033ec8ecb,RemoteDisconnected('Remote end closed connection without response'),7
POST,/api/v1/travelservice/trips/left,RemoteDisconnected('Remote end closed connection without response'),6598
GET,/api/v1/contactservice/contacts/account/54e9c5cc-9088-4b4a-87bf-2d9c2cc15d78,RemoteDisconnected('Remote end closed connection without response'),10
GET,/api/v1/contactservice/contacts/account/4d17036c-5692-4d1c-924a-deb011679647,RemoteDisconnected('Remote end closed connection without response'),4
GET,/api/v1/contactservice/contacts/account/50630019-a1cb-4c97-8819-97853f6cc788,RemoteDisconnected('Remote end closed connection without response'),7
GET,/api/v1/contactservice/contacts/account/64edd4b8-f213-4a63-a260-bd5ac5001958,RemoteDisconnected('Remote end closed connection without response'),3
GET,/api/v1/contactservice/contacts/account/77ea89fc-c6d5-4d31-9cbf-bb853294a56a,"ConnectionResetError(104, 'Connection reset by peer')",1
GET,/api/v1/contactservice/contacts/account/b7378eaa-6990-4d87-913a-09a175f27817,"ConnectionResetError(104, 'Connection reset by peer')",1
GET,/api/v1/contactservice/contacts/account/467f2bb7-8cc4-46bd-a7a8-32decd45ced9,RemoteDisconnected('Remote end closed connection without response'),5
GET,/api/v1/contactservice/contacts/account/861a2f3b-d344-49f0-86a6-8b5e7470ddd0,RemoteDisconnected('Remote end closed connection without response'),5
GET,/api/v1/contactservice/contacts/account/f74afd8d-0dd4-420e-8621-97b325978b89,RemoteDisconnected('Remote end closed connection without response'),7
GET,/api/v1/contactservice/contacts/account/30b46c03-71de-4860-b220-d83414d0e1c0,RemoteDisconnected('Remote end closed connection without response'),9
GET,/api/v1/contactservice/contacts/account/b0f2b6f0-45eb-4eca-8018-603297ef851c,"ConnectionResetError(104, 'Connection reset by peer')",1
GET,/api/v1/contactservice/contacts/account/ee76ed6c-dda8-45eb-9f5a-b1b69a622183,RemoteDisconnected('Remote end closed connection without response'),7
GET,/api/v1/contactservice/contacts/account/12166e55-cf40-4517-9006-9853a2a17ae2,RemoteDisconnected('Remote end closed connection without response'),3
GET,/api/v1/contactservice/contacts/account/b953caa3-f449-4a16-b73b-f332f1087fbe,"ConnectionResetError(104, 'Connection reset by peer')",3
GET,/api/v1/contactservice/contacts/account/6f092cde-5601-41f9-8268-ae7d21e02106,"ConnectionResetError(104, 'Connection reset by peer')",5
GET,/api/v1/contactservice/contacts/account/e453bb23-27bd-4e34-b32c-425c0028ca5a,"ConnectionResetError(104, 'Connection reset by peer')",1
GET,/api/v1/contactservice/contacts/account/72dd0345-0a46-489b-b7be-8f96d27b165b,RemoteDisconnected('Remote end closed connection without response'),6
GET,/api/v1/contactservice/contacts/account/5e116c32-3eec-4e7f-97ec-84fccc984378,RemoteDisconnected('Remote end closed connection without response'),10
GET,/api/v1/contactservice/contacts/account/2ae9412e-c9cb-4863-a0b0-21c06176b4c2,RemoteDisconnected('Remote end closed connection without response'),1
GET,/api/v1/contactservice/contacts/account/06ad48dd-1397-49a2-8588-9691c5100187,"ConnectionResetError(104, 'Connection reset by peer')",1
GET,/api/v1/contactservice/contacts/account/e4ad0d1d-3df4-4f0b-9522-7da6e06a8d1f,"ConnectionResetError(104, 'Connection reset by peer')",3
GET,/api/v1/contactservice/contacts/account/afff0c7c-21a9-4299-8820-eb9057640842,RemoteDisconnected('Remote end closed connection without response'),8
GET,/api/v1/contactservice/contacts/account/460e9dbb-c49c-4861-98f6-db5ecd4d616b,"ConnectionResetError(104, 'Connection reset by peer')",1
GET,/api/v1/contactservice/contacts/account/5ad39ec7-c48f-40eb-9ba9-33a0e7d60bef,RemoteDisconnected('Remote end closed connection without response'),1
GET,/api/v1/contactservice/contacts/account/2540e3c0-a45e-4d19-875f-7cf3b7b94d61,"ConnectionResetError(104, 'Connection reset by peer')",2
GET,/api/v1/contactservice/contacts/account/ab43f514-ef02-469c-81b6-c1321fb62a22,RemoteDisconnected('Remote end closed connection without response'),7
GET,/api/v1/contactservice/contacts/account/7e7c6c0f-4f5d-4f3d-8db8-a84209616c37,RemoteDisconnected('Remote end closed connection without response'),10
GET,/api/v1/contactservice/contacts/account/a37bb180-9f4d-4c96-888f-ef33a17409d7,"ConnectionResetError(104, 'Connection reset by peer')",2
GET,/api/v1/contactservice/contacts/account/8203bbcb-115d-4995-88eb-58639e6c7ba5,"ConnectionResetError(104, 'Connection reset by peer')",2
GET,/api/v1/contactservice/contacts/account/3398d997-ad08-4761-ba40-5d41962f1509,RemoteDisconnected('Remote end closed connection without response'),1
GET,/api/v1/assuranceservice/assurances/types,RemoteDisconnected('Remote end closed connection without response'),6666
GET,/api/v1/contactservice/contacts/account/26509d7d-2481-4c70-93c1-68e6f1f1744a,RemoteDisconnected('Remote end closed connection without response'),9
GET,/api/v1/contactservice/contacts/account/cbf66ea3-2d00-4817-b524-a3ad5a8686b6,RemoteDisconnected('Remote end closed connection without response'),3
GET,/api/v1/contactservice/contacts/account/1a5a1d22-69b5-4f81-a628-ab38f64bf393,"ConnectionResetError(104, 'Connection reset by peer')",1
GET,/api/v1/contactservice/contacts/account/c7d90558-232d-487a-916f-7cf5fa443087,"ConnectionResetError(104, 'Connection reset by peer')",1
GET,/api/v1/contactservice/contacts/account/4a6ba4c8-82fc-4d94-a05d-a915e2243a61,"ConnectionResetError(104, 'Connection reset by peer')",2
GET,/api/v1/contactservice/contacts/account/ce78ff84-d960-4ea4-a52f-cb57e94c7d4d,RemoteDisconnected('Remote end closed connection without response'),10
GET,/api/v1/contactservice/contacts/account/0c65860b-7ab5-4bc4-b56e-021012c9afe9,RemoteDisconnected('Remote end closed connection without response'),12
GET,/api/v1/contactservice/contacts/account/dc5a1405-e0f1-4465-9b1e-ce2e1c6899f5,"ConnectionResetError(104, 'Connection reset by peer')",1
GET,/api/v1/contactservice/contacts/account/bc7a0ad2-327a-45e2-87a8-7b81c2ae7923,RemoteDisconnected('Remote end closed connection without response'),8
GET,/api/v1/contactservice/contacts/account/a7c3a682-e015-4498-88c8-0f6504c6b5e3,"ConnectionResetError(104, 'Connection reset by peer')",3
GET,/api/v1/contactservice/contacts/account/0c807f68-aa2d-4247-b444-c7e30ffec325,RemoteDisconnected('Remote end closed connection without response'),6
GET,/api/v1/contactservice/contacts/account/0302efde-0b17-4a30-a516-c5508b375215,RemoteDisconnected('Remote end closed connection without response'),6
GET,/api/v1/contactservice/contacts/account/7e545e4f-f7df-4055-bf67-d9fa442cf8e4,"ConnectionResetError(104, 'Connection reset by peer')",4
GET,/api/v1/contactservice/contacts/account/eb800982-59bf-4ed7-8d0e-e39033ec8ecb,"ConnectionResetError(104, 'Connection reset by peer')",1
GET,/api/v1/contactservice/contacts/account/8c995d5f-5d83-4bde-b2d0-6d30ac706676,RemoteDisconnected('Remote end closed connection without response'),14
GET,/api/v1/contactservice/contacts/account/467f2bb7-8cc4-46bd-a7a8-32decd45ced9,"ConnectionResetError(104, 'Connection reset by peer')",1
GET,/api/v1/contactservice/contacts/account/6af93748-7998-4f05-bf10-60fbcb0a7ccc,"ConnectionResetError(104, 'Connection reset by peer')",1
GET,/api/v1/contactservice/contacts/account/fb0d2fc4-4fd8-4428-b717-03c1391a0af7,RemoteDisconnected('Remote end closed connection without response'),12
GET,/api/v1/contactservice/contacts/account/4d2a46c7-71cb-4cf1-b5bb-b68406d9da6f,RemoteDisconnected('Remote end closed connection without response'),1020
GET,/api/v1/contactservice/contacts/account/8c995d5f-5d83-4bde-b2d0-6d30ac706676,"ConnectionResetError(104, 'Connection reset by peer')",2
GET,/api/v1/contactservice/contacts/account/6ab220da-d4e4-4ffd-be5e-19f1ea9ac94c,"ConnectionResetError(104, 'Connection reset by peer')",2
GET,/api/v1/contactservice/contacts/account/f7004e70-8e88-4d27-a596-d10f47a69f05,"ConnectionResetError(104, 'Connection reset by peer')",2
GET,/api/v1/contactservice/contacts/account/abf1964b-2c2b-441d-ab89-faec81400caf,"ConnectionResetError(104, 'Connection reset by peer')",2
GET,/api/v1/contactservice/contacts/account/65de92f7-7c2d-44ec-ba41-c7504bf0eb5d,"ConnectionResetError(104, 'Connection reset by peer')",2
GET,/api/v1/contactservice/contacts/account/e672b4cc-39f5-4049-8f6e-c3d35a291f8d,"ConnectionResetError(104, 'Connection reset by peer')",3
GET,/api/v1/contactservice/contacts/account/49c71810-4869-4e22-ab18-2208b8b20adf,"ConnectionResetError(104, 'Connection reset by peer')",1
GET,/api/v1/contactservice/contacts/account/72d135dc-acd2-4fca-9f80-29e145904637,RemoteDisconnected('Remote end closed connection without response'),6
GET,/api/v1/contactservice/contacts/account/08bc36ea-a63e-4f48-af4f-ea40f53ba864,RemoteDisconnected('Remote end closed connection without response'),4
GET,/api/v1/contactservice/contacts/account/a935ee4e-9f95-4483-b825-a31770e86cbb,"ConnectionResetError(104, 'Connection reset by peer')",2
GET,/api/v1/contactservice/contacts/account/a0b22db7-8635-4d50-a1e0-c51dba78d2cf,RemoteDisconnected('Remote end closed connection without response'),6
GET,/api/v1/contactservice/contacts/account/27e11035-cda9-484b-9f6b-94a60d937b80,RemoteDisconnected('Remote end closed connection without response'),3
GET,/api/v1/contactservice/contacts/account/c30e3b54-98e7-4630-87c9-4cb725618a7b,"ConnectionResetError(104, 'Connection reset by peer')",3
GET,/api/v1/contactservice/contacts/account/2a40e2a4-c9bf-410f-829b-027f4f3ffe66,RemoteDisconnected('Remote end closed connection without response'),6
GET,/api/v1/contactservice/contacts/account/54e9c5cc-9088-4b4a-87bf-2d9c2cc15d78,"ConnectionResetError(104, 'Connection reset by peer')",4
GET,/api/v1/contactservice/contacts/account/b7cbed8f-3726-4448-b33c-539ed4a6719d,RemoteDisconnected('Remote end closed connection without response'),3
GET,/client_login.html,RemoteDisconnected('Remote end closed connection without response'),6773
GET,/api/v1/contactservice/contacts/account/b76f5b15-cba7-41cb-966a-02a30abf85f0,"ConnectionResetError(104, 'Connection reset by peer')",2
GET,/api/v1/contactservice/contacts/account/b9c9e547-c489-48e2-b09f-6b94280bb85b,RemoteDisconnected('Remote end closed connection without response'),4
GET,/api/v1/contactservice/contacts/account/ccf9e5a6-1e50-4e9f-9cf5-88b665d8f1a3,RemoteDisconnected('Remote end closed connection without response'),3
GET,/api/v1/contactservice/contacts/account/6793a55a-448c-4469-b300-bfed88ee064f,RemoteDisconnected('Remote end closed connection without response'),4
GET,/api/v1/contactservice/contacts/account/6d3b66d1-77ff-46fa-8005-5ffdda329b4b,"ConnectionResetError(104, 'Connection reset by peer')",2
GET,/api/v1/contactservice/contacts/account/37159865-84a7-480a-abe6-1a277cdb9c74,RemoteDisconnected('Remote end closed connection without response'),8
GET,/api/v1/contactservice/contacts/account/d1c33930-7894-40c6-9553-0cf968dfb8c8,"ConnectionResetError(104, 'Connection reset by peer')",3
GET,/api/v1/contactservice/contacts/account/ba25bb20-dc3c-43e2-8f2c-e726b5652f2e,"ConnectionResetError(104, 'Connection reset by peer')",1
GET,/api/v1/contactservice/contacts/account/235d54dd-4bc6-4c68-838a-8a788b3e1362,"ConnectionResetError(104, 'Connection reset by peer')",3
GET,/api/v1/contactservice/contacts/account/fb52d3db-025c-470d-84d2-92a770f5d57a,"ConnectionResetError(104, 'Connection reset by peer')",1
GET,/api/v1/contactservice/contacts/account/a10d8557-bae5-4da1-97a9-1653848acf27,RemoteDisconnected('Remote end closed connection without response'),6
GET,/api/v1/contactservice/contacts/account/8f6c925c-a760-4f47-8253-13628d2c3d4c,RemoteDisconnected('Remote end closed connection without response'),10
GET,/api/v1/contactservice/contacts/account/77e63cda-f072-45bc-86f9-d1e5eeb89f7f,RemoteDisconnected('Remote end closed connection without response'),10
GET,/api/v1/contactservice/contacts/account/28dfff44-9874-4f5c-a37e-c32f7ed43fd0,"ConnectionResetError(104, 'Connection reset by peer')",2
GET,/api/v1/contactservice/contacts/account/3bd9b826-ddb5-4f18-95ea-a897ea90487d,RemoteDisconnected('Remote end closed connection without response'),11
GET,/api/v1/contactservice/contacts/account/ba25bb20-dc3c-43e2-8f2c-e726b5652f2e,RemoteDisconnected('Remote end closed connection without response'),11
GET,/api/v1/contactservice/contacts/account/83fc4279-e152-4674-886d-244c00e44d13,RemoteDisconnected('Remote end closed connection without response'),5
GET,/api/v1/contactservice/contacts/account/e453bb23-27bd-4e34-b32c-425c0028ca5a,RemoteDisconnected('Remote end closed connection without response'),7
GET,/api/v1/contactservice/contacts/account/8da59d7d-5418-4770-bab4-593db9265027,RemoteDisconnected('Remote end closed connection without response'),7
GET,/api/v1/contactservice/contacts/account/0a1d94d9-1a7f-422f-b795-d32626f017fd,"ConnectionResetError(104, 'Connection reset by peer')",2
POST,/api/v1/preserveservice/preserve,HTTPError('504 Server Error: Gateway Time-out for url: /api/v1/preserveservice/preserve'),203
GET,/api/v1/contactservice/contacts/account/8cb1046c-6b54-4f20-8c3a-b1f707447000,RemoteDisconnected('Remote end closed connection without response'),9
GET,/api/v1/contactservice/contacts/account/6a7f6c12-4307-450b-b183-6953969b135f,RemoteDisconnected('Remote end closed connection without response'),7
GET,/api/v1/contactservice/contacts/account/13b7a2f4-b920-4c20-9fdb-90e23ae13ac5,"ConnectionResetError(104, 'Connection reset by peer')",2
GET,/api/v1/contactservice/contacts/account/98671f8e-4c67-4efd-906c-62790b27d6a1,RemoteDisconnected('Remote end closed connection without response'),4
GET,/api/v1/contactservice/contacts/account/ffc9890f-e7f0-480e-989d-9c8b43b8842f,"ConnectionResetError(104, 'Connection reset by peer')",6
GET,/api/v1/contactservice/contacts/account/8a781244-3e2f-493f-8d3f-077d1b71d078,"ConnectionResetError(104, 'Connection reset by peer')",8
GET,/api/v1/contactservice/contacts/account/77e63cda-f072-45bc-86f9-d1e5eeb89f7f,"ConnectionResetError(104, 'Connection reset by peer')",2
GET,/api/v1/adminorderservice/adminorder,"ConnectionResetError(104, 'Connection reset by peer')",19
GET,/api/v1/contactservice/contacts/account/5f77db79-f3e5-49d2-8a82-2eabbb558f93,"ConnectionResetError(104, 'Connection reset by peer')",2
GET,/api/v1/contactservice/contacts/account/09504487-f163-4664-9d16-2e5ee2465f17,RemoteDisconnected('Remote end closed connection without response'),9
GET,/api/v1/contactservice/contacts/account/63eee1b3-25c3-4fa7-b5b3-dd1dc71b7f63,RemoteDisconnected('Remote end closed connection without response'),12
GET,/api/v1/contactservice/contacts/account/15047af6-be58-4547-8405-7d0b5fb6a78c,"ConnectionResetError(104, 'Connection reset by peer')",3
GET,/api/v1/contactservice/contacts/account/0302efde-0b17-4a30-a516-c5508b375215,"ConnectionResetError(104, 'Connection reset by peer')",2
GET,/api/v1/contactservice/contacts/account/55cfbbaa-4879-4518-ac4e-2d74de137c33,RemoteDisconnected('Remote end closed connection without response'),4
GET,/api/v1/contactservice/contacts/account/09504487-f163-4664-9d16-2e5ee2465f17,"ConnectionResetError(104, 'Connection reset by peer')",1
GET,/api/v1/contactservice/contacts/account/3ffae32b-3033-4f4e-bbbf-8bd09d72d2ef,RemoteDisconnected('Remote end closed connection without response'),4
GET,/api/v1/contactservice/contacts/account/2a6db4ae-4aee-4bd9-9f92-d79c78374204,"ConnectionResetError(104, 'Connection reset by peer')",1
GET,/api/v1/contactservice/contacts/account/120f014e-9a73-4758-a41d-b59d34f1e65a,RemoteDisconnected('Remote end closed connection without response'),5
POST,/api/v1/users/login,HTTPError('500 Server Error: Internal Server Error for url: /api/v1/users/login'),12
GET,/api/v1/contactservice/contacts/account/7e25d1c7-164b-401b-a0fd-1a94df386fdc,"ConnectionResetError(104, 'Connection reset by peer')",6
GET,/api/v1/contactservice/contacts/account/f9aa8cf8-8021-47a1-b63a-5427b7666c4c,"ConnectionResetError(104, 'Connection reset by peer')",3
GET,/api/v1/contactservice/contacts/account/1ff25576-bb4a-4dce-8eb6-976a12020081,"ConnectionResetError(104, 'Connection reset by peer')",3
GET,/api/v1/contactservice/contacts/account/276c09ef-de35-4011-8b5b-706598d6f782,RemoteDisconnected('Remote end closed connection without response'),11
GET,/api/v1/contactservice/contacts/account/214e3415-64d7-4971-b60d-6ba3c359ffcf,RemoteDisconnected('Remote end closed connection without response'),16
GET,/api/v1/contactservice/contacts/account/07467215-5ec9-48d9-b33c-c1c1e8c19f82,RemoteDisconnected('Remote end closed connection without response'),6
GET,/api/v1/contactservice/contacts/account/9c0f0a5e-9ae0-4147-affb-51918297a6d4,"ConnectionResetError(104, 'Connection reset by peer')",2
GET,/api/v1/contactservice/contacts/account/4fc3adec-f3b1-4376-8d91-e37099e2471b,RemoteDisconnected('Remote end closed connection without response'),6
GET,/api/v1/contactservice/contacts/account/ac1e35e3-f04a-4818-9213-95d9e40cc144,RemoteDisconnected('Remote end closed connection without response'),15
GET,/api/v1/contactservice/contacts/account/dc71b8b6-7a66-48c5-9194-eeb05ae1f6be,"ConnectionResetError(104, 'Connection reset by peer')",2
GET,/api/v1/contactservice/contacts/account/8fd31713-ae35-4440-a41d-b38aee08fa88,"ConnectionResetError(104, 'Connection reset by peer')",1
GET,/api/v1/contactservice/contacts/account/97b70763-b9c8-4a7f-90fd-4225e428e995,"ConnectionResetError(104, 'Connection reset by peer')",1
GET,/api/v1/contactservice/contacts/account/ede4513b-71e4-45bf-824f-c38963544dce,RemoteDisconnected('Remote end closed connection without response'),4
GET,/api/v1/contactservice/contacts/account/3bbb68b5-cf4a-4716-9234-dad254dc232b,"ConnectionResetError(104, 'Connection reset by peer')",2
GET,/api/v1/contactservice/contacts/account/1b28b921-f1cc-404a-8b78-c892c4776e22,"ConnectionResetError(104, 'Connection reset by peer')",2
GET,/api/v1/contactservice/contacts/account/a2c10e87-5a83-4dd3-b62c-85c1e9bf4e83,RemoteDisconnected('Remote end closed connection without response'),9
GET,/api/v1/contactservice/contacts/account/0800fc04-63ff-410a-b504-3d363a4b89f7,"ConnectionResetError(104, 'Connection reset by peer')",1
GET,/api/v1/contactservice/contacts/account/15ca3d15-356b-40b5-a37b-e1050cc20af9,RemoteDisconnected('Remote end closed connection without response'),13
GET,/api/v1/contactservice/contacts/account/51330aaa-3a62-4659-b390-b859c47f89c1,"ConnectionResetError(104, 'Connection reset by peer')",1
GET,/api/v1/contactservice/contacts/account/212bc375-51f5-4ead-b8af-b39e66eba91a,"ConnectionResetError(104, 'Connection reset by peer')",1
GET,/api/v1/contactservice/contacts/account/076290dd-0695-48eb-8577-2f1392551570,"ConnectionResetError(104, 'Connection reset by peer')",2
GET,/api/v1/contactservice/contacts/account/e5123ac7-09aa-4038-a12b-d43f7c06039f,RemoteDisconnected('Remote end closed connection without response'),5
GET,/api/v1/contactservice/contacts/account/95c90faf-399a-4a13-880a-6b84cd0c0ec0,"ConnectionResetError(104, 'Connection reset by peer')",4
GET,/api/v1/contactservice/contacts/account/91ec2601-2b14-46ee-9100-bd3e8ab4835c,RemoteDisconnected('Remote end closed connection without response'),2
GET,/api/v1/contactservice/contacts/account/dee43377-7f9c-4df5-82c9-0e4182746beb,RemoteDisconnected('Remote end closed connection without response'),12
GET,/api/v1/contactservice/contacts/account/586ea895-2d5f-45a6-9465-2d479a15aa86,"ConnectionResetError(104, 'Connection reset by peer')",1
GET,/api/v1/contactservice/contacts/account/a0b22db7-8635-4d50-a1e0-c51dba78d2cf,"ConnectionResetError(104, 'Connection reset by peer')",3
GET,/api/v1/contactservice/contacts/account/8eceda27-3ad9-403c-a07e-8542a2a14db8,RemoteDisconnected('Remote end closed connection without response'),15
POST,/api/v1/contactservice/contacts,"ConnectionResetError(104, 'Connection reset by peer')",1
GET,/api/v1/contactservice/contacts/account/ff168140-5567-4fe4-8865-e37bf46366e2,"ConnectionResetError(104, 'Connection reset by peer')",1
GET,/api/v1/contactservice/contacts/account/b76f5b15-cba7-41cb-966a-02a30abf85f0,RemoteDisconnected('Remote end closed connection without response'),9
GET,/api/v1/contactservice/contacts/account/157b70f7-493d-437a-9b2c-6302489bdfd2,"ConnectionResetError(104, 'Connection reset by peer')",8
GET,/api/v1/contactservice/contacts/account/95f6e97f-a078-4a9b-913f-9933e2bdcf4f,RemoteDisconnected('Remote end closed connection without response'),6
GET,/api/v1/contactservice/contacts/account/16a332bc-6f9b-4ced-a03e-41443552f9f0,RemoteDisconnected('Remote end closed connection without response'),2
GET,/api/v1/contactservice/contacts/account/7f5fa783-820a-44fc-b95f-89e5a543d5bd,RemoteDisconnected('Remote end closed connection without response'),16
GET,/api/v1/contactservice/contacts/account/fd08c217-400a-4a1f-aa8f-d3514e5a6df2,RemoteDisconnected('Remote end closed connection without response'),10
GET,/api/v1/contactservice/contacts/account/8eceda27-3ad9-403c-a07e-8542a2a14db8,"ConnectionResetError(104, 'Connection reset by peer')",2
GET,/api/v1/contactservice/contacts/account/1df67f28-1d38-4985-bd4c-348a8de6430d,RemoteDisconnected('Remote end closed connection without response'),5
GET,/api/v1/contactservice/contacts/account/30327d26-3bed-43fc-aa04-4bfe3fcf461a,RemoteDisconnected('Remote end closed connection without response'),19
GET,/api/v1/contactservice/contacts/account/f02203b4-e9b8-44cd-b141-c2816216bdcc,RemoteDisconnected('Remote end closed connection without response'),2
GET,/api/v1/contactservice/contacts/account/b0f2b6f0-45eb-4eca-8018-603297ef851c,RemoteDisconnected('Remote end closed connection without response'),2
GET,/api/v1/contactservice/contacts/account/abf1964b-2c2b-441d-ab89-faec81400caf,RemoteDisconnected('Remote end closed connection without response'),9
GET,/api/v1/contactservice/contacts/account/0c65860b-7ab5-4bc4-b56e-021012c9afe9,"ConnectionResetError(104, 'Connection reset by peer')",4
GET,/api/v1/contactservice/contacts/account/94ad8e5f-6c4f-41d2-a403-21bb7c195599,RemoteDisconnected('Remote end closed connection without response'),9
GET,/api/v1/contactservice/contacts/account/17fb7f88-485a-4ae2-9e43-a26654f48fd4,"ConnectionResetError(104, 'Connection reset by peer')",1
GET,/api/v1/contactservice/contacts/account/539511a0-086c-48fb-b5f6-7f19f98657e3,RemoteDisconnected('Remote end closed connection without response'),5
GET,/api/v1/contactservice/contacts/account/31e8e507-cd6c-49b5-a9ce-887e45aca2a1,"ConnectionResetError(104, 'Connection reset by peer')",4
POST,/api/v1/preserveservice/preserve,HTTPError('500 Server Error: Internal Server Error for url: /api/v1/preserveservice/preserve'),8
GET,/api/v1/contactservice/contacts/account/c3fd97ec-9540-4991-a36e-e7966fd392e0,RemoteDisconnected('Remote end closed connection without response'),5
GET,/api/v1/contactservice/contacts/account/9c0f0a5e-9ae0-4147-affb-51918297a6d4,RemoteDisconnected('Remote end closed connection without response'),2
GET,/api/v1/contactservice/contacts/account/6ab220da-d4e4-4ffd-be5e-19f1ea9ac94c,RemoteDisconnected('Remote end closed connection without response'),2
GET,/api/v1/contactservice/contacts/account/212bc375-51f5-4ead-b8af-b39e66eba91a,RemoteDisconnected('Remote end closed connection without response'),12
GET,/api/v1/contactservice/contacts/account/f3261b78-e1d3-488a-9435-0a35485d0e63,"ConnectionResetError(104, 'Connection reset by peer')",2
GET,/api/v1/contactservice/contacts/account/6a2cd16c-69e1-46e0-be9d-590d8ed2d68d,"ConnectionResetError(104, 'Connection reset by peer')",2
GET,/api/v1/contactservice/contacts/account/acceb517-5d63-4e35-9f44-beff2280145f,RemoteDisconnected('Remote end closed connection without response'),1
GET,/api/v1/contactservice/contacts/account/30b46c03-71de-4860-b220-d83414d0e1c0,"ConnectionResetError(104, 'Connection reset by peer')",3
GET,/api/v1/contactservice/contacts/account/94ad8e5f-6c4f-41d2-a403-21bb7c195599,"ConnectionResetError(104, 'Connection reset by peer')",2
GET,/api/v1/contactservice/contacts/account/90dcea4a-d93c-4ff3-96c7-e30ffadc9622,RemoteDisconnected('Remote end closed connection without response'),13
GET,/api/v1/contactservice/contacts/account/f1148153-b70b-4631-a3a1-480a74b5b857,RemoteDisconnected('Remote end closed connection without response'),6
GET,/api/v1/contactservice/contacts/account/fe495168-be7c-44be-b89b-74cf93b10aae,"ConnectionResetError(104, 'Connection reset by peer')",1
GET,/api/v1/contactservice/contacts/account/4172b4f8-4f64-4ac1-8c26-340142b48ec9,"ConnectionResetError(104, 'Connection reset by peer')",3
GET,/api/v1/contactservice/contacts/account/1f4a48a2-df79-41f0-97d4-3cd195146a59,RemoteDisconnected('Remote end closed connection without response'),4
GET,/api/v1/contactservice/contacts/account/21962c5c-a13b-4057-a363-1b8ab1cc6ef4,"ConnectionResetError(104, 'Connection reset by peer')",3
GET,/api/v1/contactservice/contacts/account/f86695d8-2262-455b-b1cf-0094150ed03a,RemoteDisconnected('Remote end closed connection without response'),8
GET,/api/v1/contactservice/contacts/account/08bc36ea-a63e-4f48-af4f-ea40f53ba864,"ConnectionResetError(104, 'Connection reset by peer')",1
GET,/api/v1/contactservice/contacts/account/51b79f7e-ec45-4985-a1b9-81e2204d39d5,RemoteDisconnected('Remote end closed connection without response'),9
GET,/api/v1/contactservice/contacts/account/,RemoteDisconnected('Remote end closed connection without response'),3157
GET,/api/v1/contactservice/contacts/account/3bbb68b5-cf4a-4716-9234-dad254dc232b,RemoteDisconnected('Remote end closed connection without response'),13
GET,/api/v1/contactservice/contacts/account/30a69f64-57f0-4040-aedd-aa4bc89d71c8,"ConnectionResetError(104, 'Connection reset by peer')",1
GET,/api/v1/contactservice/contacts/account/b218bbb0-55b6-4db9-a72b-ba7ab3b8796a,RemoteDisconnected('Remote end closed connection without response'),3
GET,/api/v1/contactservice/contacts/account/0c807f68-aa2d-4247-b444-c7e30ffec325,"ConnectionResetError(104, 'Connection reset by peer')",1
GET,/adminlogin.html,"ConnectionResetError(104, 'Connection reset by peer')",1534
GET,/api/v1/contactservice/contacts/account/,HTTPError('403 Client Error:  for url: /api/v1/contactservice/contacts/account/'),156
GET,/api/v1/contactservice/contacts/account/06188462-dffd-489d-89ff-c424b28f458a,RemoteDisconnected('Remote end closed connection without response'),1
GET,/api/v1/contactservice/contacts/account/f7004e70-8e88-4d27-a596-d10f47a69f05,RemoteDisconnected('Remote end closed connection without response'),6
GET,/api/v1/contactservice/contacts/account/53612624-122e-4333-92a9-dc70bb629701,"ConnectionResetError(104, 'Connection reset by peer')",2
GET,/api/v1/contactservice/contacts/account/96965075-2c87-410c-aa36-8866729c8949,RemoteDisconnected('Remote end closed connection without response'),5
GET,/api/v1/contactservice/contacts/account/668b2817-f1d1-4378-adcc-fb73b7dd7e5c,RemoteDisconnected('Remote end closed connection without response'),9
GET,/api/v1/contactservice/contacts/account/274ac53f-e4d1-43b4-a442-0370893dca53,RemoteDisconnected('Remote end closed connection without response'),7
GET,/api/v1/contactservice/contacts/account/68965fc3-c75c-49a1-8d4d-e618a09c18bd,"ConnectionResetError(104, 'Connection reset by peer')",4
GET,/api/v1/contactservice/contacts/account/e7eb3d22-69fc-40f0-ae50-85ae2aa97cbb,RemoteDisconnected('Remote end closed connection without response'),5
GET,/api/v1/contactservice/contacts/account/a4575a27-8df5-42e7-acb1-7da822302b6d,"ConnectionResetError(104, 'Connection reset by peer')",3
GET,/api/v1/contactservice/contacts/account/742f2452-5091-4907-b859-1c584e9aa6fa,"ConnectionResetError(104, 'Connection reset by peer')",2
GET,/api/v1/contactservice/contacts/account/d9f29eed-c64f-4437-b9dc-e83237aee6c7,"ConnectionResetError(104, 'Connection reset by peer')",3
GET,/api/v1/contactservice/contacts/account/397048b7-a065-47ae-96c3-155fb8bc356a,RemoteDisconnected('Remote end closed connection without response'),4
GET,/api/v1/contactservice/contacts/account/b64c12aa-1b15-49d5-9bbd-a9bd6f772522,"ConnectionResetError(104, 'Connection reset by peer')",3
GET,/api/v1/contactservice/contacts/account/2b6a06ed-adf8-48f9-ad62-42143ffefb00,RemoteDisconnected('Remote end closed connection without response'),7
GET,/api/v1/contactservice/contacts/account/9e13de11-8569-41cd-8627-f5bbe12336b9,"ConnectionResetError(104, 'Connection reset by peer')",2
GET,/api/v1/contactservice/contacts/account/83fc4279-e152-4674-886d-244c00e44d13,"ConnectionResetError(104, 'Connection reset by peer')",1
GET,/api/v1/contactservice/contacts/account/bc7a0ad2-327a-45e2-87a8-7b81c2ae7923,"ConnectionResetError(104, 'Connection reset by peer')",2
GET,/api/v1/contactservice/contacts/account/a6d2d439-4132-456f-9549-8e8b968c5212,RemoteDisconnected('Remote end closed connection without response'),12
GET,/api/v1/contactservice/contacts/account/d6302126-96ae-46a3-b7b2-1cebb9d94617,RemoteDisconnected('Remote end closed connection without response'),6
GET,/api/v1/contactservice/contacts/account/963467d6-0f9b-40a9-abd5-6db6d0539ac5,"ConnectionResetError(104, 'Connection reset by peer')",2
GET,/api/v1/contactservice/contacts/account/b953caa3-f449-4a16-b73b-f332f1087fbe,RemoteDisconnected('Remote end closed connection without response'),14
GET,/api/v1/contactservice/contacts/account/7ea93d91-d042-45f2-aea1-509a42814d60,RemoteDisconnected('Remote end closed connection without response'),8
GET,/api/v1/contactservice/contacts/account/10a8c2a3-3df0-4b5b-90dd-4718bdabc068,"ConnectionResetError(104, 'Connection reset by peer')",7
GET,/api/v1/contactservice/contacts/account/31e8e507-cd6c-49b5-a9ce-887e45aca2a1,RemoteDisconnected('Remote end closed connection without response'),10
GET,/api/v1/adminorderservice/adminorder,HTTPError('504 Server Error: Gateway Time-out for url: /api/v1/adminorderservice/adminorder'),711
GET,/api/v1/contactservice/contacts/account/49c71810-4869-4e22-ab18-2208b8b20adf,RemoteDisconnected('Remote end closed connection without response'),12
GET,/api/v1/contactservice/contacts/account/157b70f7-493d-437a-9b2c-6302489bdfd2,RemoteDisconnected('Remote end closed connection without response'),23
GET,/api/v1/contactservice/contacts/account/6acd542d-d08e-43b8-806f-8a6f1911fc2b,"ConnectionResetError(104, 'Connection reset by peer')",1
GET,/api/v1/contactservice/contacts/account/b21665d9-3a7c-4014-8675-b0d4e5bada90,"ConnectionResetError(104, 'Connection reset by peer')",1
GET,/api/v1/contactservice/contacts/account/e5123ac7-09aa-4038-a12b-d43f7c06039f,"ConnectionResetError(104, 'Connection reset by peer')",2
GET,/api/v1/contactservice/contacts/account/aad48a1a-fae1-4a8f-a9c2-f49da5859271,RemoteDisconnected('Remote end closed connection without response'),4
GET,/api/v1/contactservice/contacts/account/ac628fcd-11c2-47e4-ab2e-310ddf2d79b4,RemoteDisconnected('Remote end closed connection without response'),5
GET,/api/v1/contactservice/contacts/account/6d3b66d1-77ff-46fa-8005-5ffdda329b4b,RemoteDisconnected('Remote end closed connection without response'),4
GET,/api/v1/contactservice/contacts/account/1b8947c1-985c-432f-9557-c7bad7dc5c96,RemoteDisconnected('Remote end closed connection without response'),10
GET,/api/v1/contactservice/contacts/account/8ba1dede-bca1-4be7-aa95-a194ec4debaa,"ConnectionResetError(104, 'Connection reset by peer')",4
GET,/api/v1/contactservice/contacts/account/d5435159-a923-4539-a2aa-e3c7c7a5e44f,RemoteDisconnected('Remote end closed connection without response'),3
GET,/api/v1/verifycode/generate,"ConnectionResetError(104, 'Connection reset by peer')",3884
GET,/api/v1/contactservice/contacts/account/ea2d79ae-9873-43ab-a2ba-8568c2492f46,"ConnectionResetError(104, 'Connection reset by peer')",1
GET,/api/v1/contactservice/contacts/account/a5376840-7a61-405b-b567-bc35b1d7fa34,"ConnectionResetError(104, 'Connection reset by peer')",4
GET,/api/v1/contactservice/contacts/account/ef6ad5bb-d254-4e9c-8ea5-149293bc6f90,"ConnectionResetError(104, 'Connection reset by peer')",3
GET,/api/v1/contactservice/contacts/account/5ad39ec7-c48f-40eb-9ba9-33a0e7d60bef,"ConnectionResetError(104, 'Connection reset by peer')",2
GET,/api/v1/contactservice/contacts/account/e30a505b-f704-4bef-a438-fc6ac94887ef,RemoteDisconnected('Remote end closed connection without response'),8
GET,/api/v1/contactservice/contacts/account/2a40e2a4-c9bf-410f-829b-027f4f3ffe66,"ConnectionResetError(104, 'Connection reset by peer')",3
GET,/api/v1/contactservice/contacts/account/e1b76627-5df8-4653-9fee-be79b7217b93,RemoteDisconnected('Remote end closed connection without response'),3
GET,/api/v1/contactservice/contacts/account/0f7c575e-c016-47ce-9d92-dcf79592e3ce,"ConnectionResetError(104, 'Connection reset by peer')",2
GET,/api/v1/contactservice/contacts/account/b9c9e547-c489-48e2-b09f-6b94280bb85b,"ConnectionResetError(104, 'Connection reset by peer')",1
GET,/api/v1/contactservice/contacts/account/69037891-cb9d-4099-b982-c81e68423fda,RemoteDisconnected('Remote end closed connection without response'),4
GET,/api/v1/contactservice/contacts/account/f8e75af5-c657-4cb6-9c8f-18f72954b704,RemoteDisconnected('Remote end closed connection without response'),3
GET,/api/v1/contactservice/contacts/account/4304c3aa-d08c-4f46-8bc9-eec26c360060,RemoteDisconnected('Remote end closed connection without response'),11
GET,/api/v1/contactservice/contacts/account/8cb1046c-6b54-4f20-8c3a-b1f707447000,"ConnectionResetError(104, 'Connection reset by peer')",1
GET,/api/v1/contactservice/contacts/account/e7b41533-3de8-4b02-b7d6-424ffff880b2,"ConnectionResetError(104, 'Connection reset by peer')",5
GET,/api/v1/contactservice/contacts/account/70d948b1-fb8e-4759-83b6-b456093520ab,RemoteDisconnected('Remote end closed connection without response'),15
GET,/api/v1/contactservice/contacts/account/a935ee4e-9f95-4483-b825-a31770e86cbb,RemoteDisconnected('Remote end closed connection without response'),10
GET,/api/v1/contactservice/contacts/account/5f866813-56d8-45d2-b9d6-fa34bdacafae,RemoteDisconnected('Remote end closed connection without response'),7
GET,/api/v1/contactservice/contacts/account/bef64654-fa0d-415b-825e-79516e26e6d5,RemoteDisconnected('Remote end closed connection without response'),4
GET,/api/v1/contactservice/contacts/account/15c025aa-f552-4c0c-a4b7-4b175860f776,RemoteDisconnected('Remote end closed connection without response'),2
GET,/api/v1/contactservice/contacts/account/7c839fc3-f077-49ac-9dc4-2b224c9d713e,RemoteDisconnected('Remote end closed connection without response'),2
GET,/api/v1/contactservice/contacts/account/9ebcf1d7-6c54-4805-998a-591a331a1490,RemoteDisconnected('Remote end closed connection without response'),3
GET,/api/v1/contactservice/contacts/account/d436b567-e650-4794-a834-56c050719d59,RemoteDisconnected('Remote end closed connection without response'),1
GET,/api/v1/adminuserservice/users,"ConnectionResetError(104, 'Connection reset by peer')",60
GET,/api/v1/contactservice/contacts/account/e99be287-31fd-48d0-ba6a-dbaba3944915,RemoteDisconnected('Remote end closed connection without response'),8
GET,/api/v1/contactservice/contacts/account/57122107-d2d1-4681-af43-696f8eecb622,RemoteDisconnected('Remote end closed connection without response'),5
GET,/api/v1/contactservice/contacts/account/5f8e8c19-3bf6-43a4-a181-abc2f6dae5d8,RemoteDisconnected('Remote end closed connection without response'),6
GET,/api/v1/contactservice/contacts/account/,"ConnectionResetError(104, 'Connection reset by peer')",814
GET,/api/v1/contactservice/contacts/account/6a018751-1501-4465-a4d7-45349f714d60,"ConnectionResetError(104, 'Connection reset by peer')",3
GET,/api/v1/contactservice/contacts/account/6f092cde-5601-41f9-8268-ae7d21e02106,RemoteDisconnected('Remote end closed connection without response'),22
GET,/api/v1/contactservice/contacts/account/05081d32-804b-47b6-926f-66073e71cd20,"ConnectionResetError(104, 'Connection reset by peer')",3
GET,/api/v1/contactservice/contacts/account/b21665d9-3a7c-4014-8675-b0d4e5bada90,RemoteDisconnected('Remote end closed connection without response'),9
GET,/api/v1/contactservice/contacts/account/efd2f52b-c14e-47ec-9aff-e8c3532fad0c,RemoteDisconnected('Remote end closed connection without response'),16
GET,/api/v1/contactservice/contacts/account/8385127b-d940-4a16-8482-5f1168a6a6af,"ConnectionResetError(104, 'Connection reset by peer')",6
GET,/api/v1/contactservice/contacts/account/a8a48ef7-f485-49f5-982d-813d47e5a2c2,RemoteDisconnected('Remote end closed connection without response'),6
GET,/api/v1/contactservice/contacts/account/0811815c-687f-40df-9e6d-7f254687e129,"ConnectionResetError(104, 'Connection reset by peer')",1
GET,/api/v1/contactservice/contacts/account/f3261b78-e1d3-488a-9435-0a35485d0e63,RemoteDisconnected('Remote end closed connection without response'),2
GET,/api/v1/contactservice/contacts/account/d6302126-96ae-46a3-b7b2-1cebb9d94617,"ConnectionResetError(104, 'Connection reset by peer')",7
GET,/api/v1/contactservice/contacts/account/98695759-3fd4-4209-8e2d-8b3698aba57c,"ConnectionResetError(104, 'Connection reset by peer')",2
GET,/api/v1/contactservice/contacts/account/c7d90558-232d-487a-916f-7cf5fa443087,RemoteDisconnected('Remote end closed connection without response'),10
GET,/api/v1/contactservice/contacts/account/9117d1ed-cf89-4fbe-9986-53640c0f448b,"ConnectionResetError(104, 'Connection reset by peer')",2
GET,/api/v1/contactservice/contacts/account/91ec2601-2b14-46ee-9100-bd3e8ab4835c,"ConnectionResetError(104, 'Connection reset by peer')",2
GET,/api/v1/contactservice/contacts/account/d8332daf-6ae0-472f-8228-a80590ed79ef,RemoteDisconnected('Remote end closed connection without response'),7
GET,/api/v1/contactservice/contacts/account/8cff58eb-97d8-4663-97f4-5855d63c7bea,RemoteDisconnected('Remote end closed connection without response'),3
GET,/index.html,RemoteDisconnected('Remote end closed connection without response'),6681
GET,/api/v1/contactservice/contacts/account/6cad8f21-8a2d-4b51-b4e6-46115075f612,RemoteDisconnected('Remote end closed connection without response'),3
GET,/api/v1/contactservice/contacts/account/e7c661aa-13b2-494a-a1ed-c16a44cf4d74,RemoteDisconnected('Remote end closed connection without response'),12
GET,/api/v1/contactservice/contacts/account/a2c10e87-5a83-4dd3-b62c-85c1e9bf4e83,"ConnectionResetError(104, 'Connection reset by peer')",5
GET,/api/v1/assuranceservice/assurances/types,HTTPError('500 Server Error: Internal Server Error for url: /api/v1/assuranceservice/assurances/types'),1
GET,/api/v1/contactservice/contacts/account/a8a48ef7-f485-49f5-982d-813d47e5a2c2,"ConnectionResetError(104, 'Connection reset by peer')",4
GET,/api/v1/contactservice/contacts/account/3f071492-4370-4a6c-8c90-70580f49b3e3,"ConnectionResetError(104, 'Connection reset by peer')",1
GET,/api/v1/contactservice/contacts/account/2ee234d8-5c05-4f83-a962-e0a2944f1254,RemoteDisconnected('Remote end closed connection without response'),9
GET,/api/v1/contactservice/contacts/account/654517b8-ccc6-4322-b641-27d013681ae1,RemoteDisconnected('Remote end closed connection without response'),3
GET,/api/v1/contactservice/contacts/account/42278a4e-ddf6-42c1-8a0f-5f8c317e06a0,"ConnectionResetError(104, 'Connection reset by peer')",4
GET,/api/v1/contactservice/contacts/account/70d948b1-fb8e-4759-83b6-b456093520ab,"ConnectionResetError(104, 'Connection reset by peer')",5
GET,/api/v1/contactservice/contacts/account/72192a52-8866-40c1-8310-9694fe65da38,RemoteDisconnected('Remote end closed connection without response'),4
GET,/api/v1/contactservice/contacts/account/8d291ed7-432f-4d53-92c3-d2ccb7ea08c8,"ConnectionResetError(104, 'Connection reset by peer')",2
GET,/api/v1/contactservice/contacts/account/75312c74-de2f-47dc-9fa2-ccdc4a34cce0,RemoteDisconnected('Remote end closed connection without response'),8
GET,/api/v1/contactservice/contacts/account/e7d0dee2-384f-4217-8339-92d1102ae9b8,RemoteDisconnected('Remote end closed connection without response'),2
GET,/api/v1/contactservice/contacts/account/a37bb180-9f4d-4c96-888f-ef33a17409d7,RemoteDisconnected('Remote end closed connection without response'),9
GET,/api/v1/contactservice/contacts/account/e99be287-31fd-48d0-ba6a-dbaba3944915,"ConnectionResetError(104, 'Connection reset by peer')",5
GET,/api/v1/contactservice/contacts/account/c30e3b54-98e7-4630-87c9-4cb725618a7b,RemoteDisconnected('Remote end closed connection without response'),6
GET,/api/v1/contactservice/contacts/account/2540e3c0-a45e-4d19-875f-7cf3b7b94d61,RemoteDisconnected('Remote end closed connection without response'),14
GET,/api/v1/contactservice/contacts/account/f65a4da2-c8ba-4c9a-bd97-be45d24c1a45,"ConnectionResetError(104, 'Connection reset by peer')",3
POST,/api/v1/adminuserservice/users,"ConnectionResetError(104, 'Connection reset by peer')",1
GET,/api/v1/contactservice/contacts/account/f32a609a-de74-4262-b0bb-78ff653b87a3,"ConnectionResetError(104, 'Connection reset by peer')",1
GET,/api/v1/contactservice/contacts/account/d746ba00-f4fd-42a0-8f9d-091fdd04843e,RemoteDisconnected('Remote end closed connection without response'),4
GET,/api/v1/contactservice/contacts/account/6db3ee03-f01d-49af-b09f-eb80d98553d2,"ConnectionResetError(104, 'Connection reset by peer')",1
GET,/api/v1/contactservice/contacts/account/95f6e97f-a078-4a9b-913f-9933e2bdcf4f,"ConnectionResetError(104, 'Connection reset by peer')",2
GET,/api/v1/contactservice/contacts/account/2ea96797-3eb4-44c0-b310-1885289f2b78,RemoteDisconnected('Remote end closed connection without response'),8
GET,/api/v1/contactservice/contacts/account/064b17d9-3ac2-45e1-b7f3-6c3bd59e2de1,"ConnectionResetError(104, 'Connection reset by peer')",2
GET,/api/v1/contactservice/contacts/account/9949a4ea-98b4-4a39-acc8-a1cf3d920921,RemoteDisconnected('Remote end closed connection without response'),6
GET,/api/v1/assuranceservice/assurances/types,"ConnectionResetError(104, 'Connection reset by peer')",1601
GET,/api/v1/contactservice/contacts/account/36cc16fc-648d-4c35-b632-5f7a91bf28a8,"ConnectionResetError(104, 'Connection reset by peer')",4
GET,/api/v1/contactservice/contacts/account/727b3c22-1925-4d91-a557-3f6aa1e6ea8b,RemoteDisconnected('Remote end closed connection without response'),3
GET,/api/v1/contactservice/contacts/account/6db3ee03-f01d-49af-b09f-eb80d98553d2,RemoteDisconnected('Remote end closed connection without response'),1
GET,/api/v1/contactservice/contacts/account/654517b8-ccc6-4322-b641-27d013681ae1,"ConnectionResetError(104, 'Connection reset by peer')",1
GET,/api/v1/contactservice/contacts/account/63eee1b3-25c3-4fa7-b5b3-dd1dc71b7f63,"ConnectionResetError(104, 'Connection reset by peer')",2
GET,/api/v1/contactservice/contacts/account/539511a0-086c-48fb-b5f6-7f19f98657e3,"ConnectionResetError(104, 'Connection reset by peer')",1
GET,/api/v1/contactservice/contacts/account/c47694b8-6c3d-49c0-aec2-a5c47d338f61,RemoteDisconnected('Remote end closed connection without response'),10
GET,/api/v1/contactservice/contacts/account/07467215-5ec9-48d9-b33c-c1c1e8c19f82,"ConnectionResetError(104, 'Connection reset by peer')",1
GET,/api/v1/contactservice/contacts/account/f7c6e24f-781f-45ab-913f-fa70f6b0f7c5,"ConnectionResetError(104, 'Connection reset by peer')",2
POST,/api/v1/preserveservice/preserve,RemoteDisconnected('Remote end closed connection without response'),6424
GET,/api/v1/contactservice/contacts/account/1a5a1d22-69b5-4f81-a628-ab38f64bf393,RemoteDisconnected('Remote end closed connection without response'),11
GET,/api/v1/contactservice/contacts/account/26509d7d-2481-4c70-93c1-68e6f1f1744a,"ConnectionResetError(104, 'Connection reset by peer')",4
GET,/api/v1/contactservice/contacts/account/c990cc37-7d77-4a4a-b6b8-c913842fc9bb,"ConnectionResetError(104, 'Connection reset by peer')",6
POST,/api/v1/preserveservice/preserve,"ConnectionResetError(104, 'Connection reset by peer')",1955
GET,/api/v1/contactservice/contacts/account/483aba1d-ad9d-407b-9c80-8d5306f37e2c,RemoteDisconnected('Remote end closed connection without response'),9
GET,/api/v1/contactservice/contacts/account/cf70d8b0-ae6e-4b2a-8e8d-07057232569e,RemoteDisconnected('Remote end closed connection without response'),3
GET,/api/v1/contactservice/contacts/account/2ae9412e-c9cb-4863-a0b0-21c06176b4c2,"ConnectionResetError(104, 'Connection reset by peer')",1
GET,/api/v1/contactservice/contacts/account/5791086a-739b-45d0-9f39-ba6da84a635a,"ConnectionResetError(104, 'Connection reset by peer')",2
GET,/api/v1/contactservice/contacts/account/3c9973d4-ba9c-44d3-bc96-b2d6c1ecd745,RemoteDisconnected('Remote end closed connection without response'),8
POST,/api/v1/users/login,RemoteDisconnected('Remote end closed connection without response'),13473
GET,/api/v1/contactservice/contacts/account/27e11035-cda9-484b-9f6b-94a60d937b80,"ConnectionResetError(104, 'Connection reset by peer')",2
GET,/api/v1/contactservice/contacts/account/4d2a46c7-71cb-4cf1-b5bb-b68406d9da6f,"ConnectionResetError(104, 'Connection reset by peer')",167
GET,/api/v1/contactservice/contacts/account/6a018751-1501-4465-a4d7-45349f714d60,RemoteDisconnected('Remote end closed connection without response'),11
GET,/api/v1/contactservice/contacts/account/f32f4617-abd1-44c1-b1a1-ce22d69143b1,"ConnectionResetError(104, 'Connection reset by peer')",2
GET,/api/v1/contactservice/contacts/account/,HTTPError('500 Server Error: Internal Server Error for url: /api/v1/contactservice/contacts/account/'),1
GET,/api/v1/contactservice/contacts/account/f7c6e24f-781f-45ab-913f-fa70f6b0f7c5,RemoteDisconnected('Remote end closed connection without response'),8
GET,/api/v1/contactservice/contacts/account/f74afd8d-0dd4-420e-8621-97b325978b89,"ConnectionResetError(104, 'Connection reset by peer')",3
GET,/api/v1/contactservice/contacts/account/397048b7-a065-47ae-96c3-155fb8bc356a,"ConnectionResetError(104, 'Connection reset by peer')",2
GET,/api/v1/contactservice/contacts/account/a81fb8db-009d-4930-a1d7-d78c771ff04a,"ConnectionResetError(104, 'Connection reset by peer')",2
GET,/api/v1/contactservice/contacts/account/3f9fec7f-a0d0-4bb5-aa52-d22d0aa9652a,"ConnectionResetError(104, 'Connection reset by peer')",1
GET,/api/v1/contactservice/contacts/account/87d9b94f-1134-4d43-98da-a9834f2bbda9,RemoteDisconnected('Remote end closed connection without response'),8
GET,/api/v1/contactservice/contacts/account/ede4513b-71e4-45bf-824f-c38963544dce,"ConnectionResetError(104, 'Connection reset by peer')",1
GET,/api/v1/contactservice/contacts/account/18aa8030-5755-4db6-80df-2fd8b0eeb07c,"ConnectionResetError(104, 'Connection reset by peer')",2
GET,/api/v1/contactservice/contacts/account/7e545e4f-f7df-4055-bf67-d9fa442cf8e4,RemoteDisconnected('Remote end closed connection without response'),8
GET,/api/v1/contactservice/contacts/account/781fce54-ba99-4c6c-9e11-74b76e0832d1,RemoteDisconnected('Remote end closed connection without response'),4
GET,/api/v1/contactservice/contacts/account/668b2817-f1d1-4378-adcc-fb73b7dd7e5c,"ConnectionResetError(104, 'Connection reset by peer')",2
GET,/api/v1/contactservice/contacts/account/d8332daf-6ae0-472f-8228-a80590ed79ef,"ConnectionResetError(104, 'Connection reset by peer')",2
GET,/api/v1/contactservice/contacts/account/05940e42-b1d5-438e-8988-606923593564,RemoteDisconnected('Remote end closed connection without response'),3
GET,/api/v1/contactservice/contacts/account/06ad48dd-1397-49a2-8588-9691c5100187,RemoteDisconnected('Remote end closed connection without response'),7
GET,/api/v1/contactservice/contacts/account/72dd0345-0a46-489b-b7be-8f96d27b165b,"ConnectionResetError(104, 'Connection reset by peer')",2
GET,/api/v1/contactservice/contacts/account/cf70d8b0-ae6e-4b2a-8e8d-07057232569e,"ConnectionResetError(104, 'Connection reset by peer')",1
GET,/api/v1/contactservice/contacts/account/9556f0d0-bbdd-4ebb-9626-69d3f8cc1f94,"ConnectionResetError(104, 'Connection reset by peer')",1
GET,/api/v1/contactservice/contacts/account/9c7d0bbc-c897-4dae-a35a-850c3114d724,RemoteDisconnected('Remote end closed connection without response'),7
GET,/api/v1/contactservice/contacts/account/8f6c925c-a760-4f47-8253-13628d2c3d4c,"ConnectionResetError(104, 'Connection reset by peer')",2
GET,/api/v1/contactservice/contacts/account/8a781244-3e2f-493f-8d3f-077d1b71d078,RemoteDisconnected('Remote end closed connection without response'),17
GET,/api/v1/contactservice/contacts/account/08359d60-fcce-40aa-a4ac-3ed83c50b84a,RemoteDisconnected('Remote end closed connection without response'),5
GET,/api/v1/contactservice/contacts/account/11a7ed2a-25d6-40f9-8d2c-25944bd782d0,"ConnectionResetError(104, 'Connection reset by peer')",3
GET,/api/v1/contactservice/contacts/account/b6cb2794-4963-485f-84a4-a219ba5594a6,"ConnectionResetError(104, 'Connection reset by peer')",1
GET,/api/v1/contactservice/contacts/account/8203bbcb-115d-4995-88eb-58639e6c7ba5,RemoteDisconnected('Remote end closed connection without response'),9
GET,/api/v1/contactservice/contacts/account/f8e75af5-c657-4cb6-9c8f-18f72954b704,"ConnectionResetError(104, 'Connection reset by peer')",1
GET,/api/v1/contactservice/contacts/account/064b17d9-3ac2-45e1-b7f3-6c3bd59e2de1,RemoteDisconnected('Remote end closed connection without response'),8
GET,/api/v1/contactservice/contacts/account/6acd542d-d08e-43b8-806f-8a6f1911fc2b,RemoteDisconnected('Remote end closed connection without response'),11
GET,/api/v1/contactservice/contacts/account/2a17a6b7-5d79-482f-aae9-fedc0f8b912b,RemoteDisconnected('Remote end closed connection without response'),4
GET,/api/v1/contactservice/contacts/account/9dc2f06e-60dc-4e61-9761-1e404a3ad3fa,RemoteDisconnected('Remote end closed connection without response'),10
GET,/api/v1/contactservice/contacts/account/73654b0e-a4d1-4a0a-a1dd-5202272bce09,RemoteDisconnected('Remote end closed connection without response'),3
GET,/api/v1/contactservice/contacts/account/2ea96797-3eb4-44c0-b310-1885289f2b78,"ConnectionResetError(104, 'Connection reset by peer')",3
GET,/api/v1/contactservice/contacts/account/a01d2e6b-c243-4ec9-a47a-2b18fad00de7,RemoteDisconnected('Remote end closed connection without response'),12
GET,/api/v1/contactservice/contacts/account/2ee234d8-5c05-4f83-a962-e0a2944f1254,"ConnectionResetError(104, 'Connection reset by peer')",4
GET,/api/v1/contactservice/contacts/account/460e9dbb-c49c-4861-98f6-db5ecd4d616b,RemoteDisconnected('Remote end closed connection without response'),8
GET,/api/v1/contactservice/contacts/account/3bd9b826-ddb5-4f18-95ea-a897ea90487d,"ConnectionResetError(104, 'Connection reset by peer')",4
GET,/api/v1/contactservice/contacts/account/07e70fcf-cb69-439f-a745-7d2a45965e2e,RemoteDisconnected('Remote end closed connection without response'),13
GET,/api/v1/contactservice/contacts/account/08359d60-fcce-40aa-a4ac-3ed83c50b84a,"ConnectionResetError(104, 'Connection reset by peer')",1
GET,/api/v1/contactservice/contacts/account/257a3c1d-bbbb-47fa-9a49-4a39401f7d60,RemoteDisconnected('Remote end closed connection without response'),9
GET,/api/v1/contactservice/contacts/account/b3ee52f8-d27f-41b9-b704-16e577be2dee,RemoteDisconnected('Remote end closed connection without response'),9
GET,/api/v1/contactservice/contacts/account/ed4e2871-7713-41f2-8c0e-b9bc803af8cf,RemoteDisconnected('Remote end closed connection without response'),7
GET,/api/v1/contactservice/contacts/account/13b7a2f4-b920-4c20-9fdb-90e23ae13ac5,RemoteDisconnected('Remote end closed connection without response'),8
GET,/api/v1/contactservice/contacts/account/f1148153-b70b-4631-a3a1-480a74b5b857,"ConnectionResetError(104, 'Connection reset by peer')",1
GET,/api/v1/foodservice/foods/2025-06-13/Shang%20Hai/Su%20Zhou/D1345,"ConnectionResetError(104, 'Connection reset by peer')",1845
GET,/api/v1/contactservice/contacts/account/d746ba00-f4fd-42a0-8f9d-091fdd04843e,"ConnectionResetError(104, 'Connection reset by peer')",1
GET,/api/v1/contactservice/contacts/account/f32f4617-abd1-44c1-b1a1-ce22d69143b1,RemoteDisconnected('Remote end closed connection without response'),5
GET,/api/v1/contactservice/contacts/account/3b89b14c-c1ec-4d4f-8a60-31d9f52a72a0,RemoteDisconnected('Remote end closed connection without response'),25
GET,/api/v1/contactservice/contacts/account/7c839fc3-f077-49ac-9dc4-2b224c9d713e,"ConnectionResetError(104, 'Connection reset by peer')",2
GET,/api/v1/contactservice/contacts/account/a4575a27-8df5-42e7-acb1-7da822302b6d,RemoteDisconnected('Remote end closed connection without response'),13
GET,/api/v1/contactservice/contacts/account/ef063e13-5da2-4634-a048-c747b0e74153,RemoteDisconnected('Remote end closed connection without response'),15
GET,/api/v1/contactservice/contacts/account/0bcd0e92-98b4-4fef-a66b-8f49bfbb25cc,"ConnectionResetError(104, 'Connection reset by peer')",2
GET,/api/v1/contactservice/contacts/account/0a1d94d9-1a7f-422f-b795-d32626f017fd,RemoteDisconnected('Remote end closed connection without response'),13
GET,/client_ticket_book.html?tripId=D1345&from=Shang%20Hai&to=Su%20Zhou&seatType=2&seat_price=50.0&date=2025-06-13,"ConnectionResetError(104, 'Connection reset by peer')",1747
GET,/api/v1/contactservice/contacts/account/78883f43-b7ca-4468-b9b1-82296832d71c,RemoteDisconnected('Remote end closed connection without response'),11
GET,/api/v1/contactservice/contacts/account/98695759-3fd4-4209-8e2d-8b3698aba57c,RemoteDisconnected('Remote end closed connection without response'),5
GET,/api/v1/foodservice/foods/2025-06-13/Shang%20Hai/Su%20Zhou/D1345,RemoteDisconnected('Remote end closed connection without response'),6531
GET,/api/v1/contactservice/contacts/account/35c2e5cc-61d2-4f13-9060-4900bb1d605c,"ConnectionResetError(104, 'Connection reset by peer')",5
GET,/api/v1/contactservice/contacts/account/b7378eaa-6990-4d87-913a-09a175f27817,RemoteDisconnected('Remote end closed connection without response'),3
GET,/api/v1/contactservice/contacts/account/37159865-84a7-480a-abe6-1a277cdb9c74,"ConnectionResetError(104, 'Connection reset by peer')",2
GET,/api/v1/contactservice/contacts/account/1f4a48a2-df79-41f0-97d4-3cd195146a59,"ConnectionResetError(104, 'Connection reset by peer')",1
GET,/api/v1/contactservice/contacts/account/2d225449-cefa-47c4-87e0-8be109211886,RemoteDisconnected('Remote end closed connection without response'),7
GET,/api/v1/foodservice/foods/2025-06-13/Shang%20Hai/Su%20Zhou/D1345,HTTPError('500 Server Error: Internal Server Error for url: /api/v1/foodservice/foods/2025-06-13/Shang%20Hai/Su%20Zhou/D1345'),4
GET,/api/v1/contactservice/contacts/account/8ba1dede-bca1-4be7-aa95-a194ec4debaa,RemoteDisconnected('Remote end closed connection without response'),15
GET,/api/v1/contactservice/contacts/account/efa6405b-3111-4d2a-be2d-2ad84722ae69,RemoteDisconnected('Remote end closed connection without response'),10
GET,/api/v1/contactservice/contacts/account/97945115-8ce2-4037-bf12-a0080fd58bd2,RemoteDisconnected('Remote end closed connection without response'),12
GET,/api/v1/contactservice/contacts/account/18aa8030-5755-4db6-80df-2fd8b0eeb07c,RemoteDisconnected('Remote end closed connection without response'),10
GET,/api/v1/contactservice/contacts/account/2d1e4852-6f89-4fdf-8bbf-6cc82564ae3d,"ConnectionResetError(104, 'Connection reset by peer')",1
GET,/api/v1/contactservice/contacts/account/8697e923-e3a1-4eaf-82c2-9b91154e0912,RemoteDisconnected('Remote end closed connection without response'),11
GET,/api/v1/contactservice/contacts/account/8a7495c4-944b-4ca6-a96e-9cb6b92eb20b,RemoteDisconnected('Remote end closed connection without response'),3
GET,/api/v1/contactservice/contacts/account/b218bbb0-55b6-4db9-a72b-ba7ab3b8796a,"ConnectionResetError(104, 'Connection reset by peer')",2
GET,/api/v1/contactservice/contacts/account/c0a6f3c0-1b3e-4082-a984-d2ae7aa5fb9e,RemoteDisconnected('Remote end closed connection without response'),5
GET,/api/v1/contactservice/contacts/account/f02203b4-e9b8-44cd-b141-c2816216bdcc,"ConnectionResetError(104, 'Connection reset by peer')",2
GET,/api/v1/contactservice/contacts/account/a10d8557-bae5-4da1-97a9-1653848acf27,"ConnectionResetError(104, 'Connection reset by peer')",1
GET,/api/v1/contactservice/contacts/account/bef64654-fa0d-415b-825e-79516e26e6d5,"ConnectionResetError(104, 'Connection reset by peer')",2
GET,/api/v1/contactservice/contacts/account/3c9973d4-ba9c-44d3-bc96-b2d6c1ecd745,"ConnectionResetError(104, 'Connection reset by peer')",3
GET,/api/v1/contactservice/contacts/account/9d059720-1faa-49d3-83f6-6c0095d911a4,RemoteDisconnected('Remote end closed connection without response'),5
GET,/api/v1/contactservice/contacts/account/c3b4d3bb-2caf-442e-995c-e8e32cbb0041,RemoteDisconnected('Remote end closed connection without response'),8
GET,/api/v1/contactservice/contacts/account/85f785f4-aa63-4cef-a2b4-5b227ba737af,"ConnectionResetError(104, 'Connection reset by peer')",1
GET,/api/v1/contactservice/contacts/account/fe495168-be7c-44be-b89b-74cf93b10aae,RemoteDisconnected('Remote end closed connection without response'),5
GET,/api/v1/assuranceservice/assurances/types,HTTPError('403 Client Error:  for url: /api/v1/assuranceservice/assurances/types'),337
GET,/api/v1/contactservice/contacts/account/2fda0625-5463-4571-af0e-c77fed6fc413,RemoteDisconnected('Remote end closed connection without response'),4
GET,/api/v1/contactservice/contacts/account/262ea9fb-1cf7-4a2a-9ecb-62ddd93fa9fd,RemoteDisconnected('Remote end closed connection without response'),8
GET,/api/v1/contactservice/contacts/account/51330aaa-3a62-4659-b390-b859c47f89c1,RemoteDisconnected('Remote end closed connection without response'),4
GET,/api/v1/contactservice/contacts/account/6f33326a-2161-4404-a8d4-d9389cc7cade,RemoteDisconnected('Remote end closed connection without response'),2
GET,/api/v1/contactservice/contacts/account/ac1e35e3-f04a-4818-9213-95d9e40cc144,"ConnectionResetError(104, 'Connection reset by peer')",1
GET,/api/v1/contactservice/contacts/account/276c09ef-de35-4011-8b5b-706598d6f782,"ConnectionResetError(104, 'Connection reset by peer')",4
GET,/api/v1/contactservice/contacts/account/cddcfa5e-644a-43e9-8096-526ea8d70f53,"ConnectionResetError(104, 'Connection reset by peer')",6
GET,/api/v1/contactservice/contacts/account/2d1e4852-6f89-4fdf-8bbf-6cc82564ae3d,RemoteDisconnected('Remote end closed connection without response'),16
GET,/api/v1/contactservice/contacts/account/606421e8-c8d3-458f-886b-ce767e1e3f3f,RemoteDisconnected('Remote end closed connection without response'),8
GET,/api/v1/contactservice/contacts/account/3f071492-4370-4a6c-8c90-70580f49b3e3,RemoteDisconnected('Remote end closed connection without response'),11
GET,/api/v1/contactservice/contacts/account/aad48a1a-fae1-4a8f-a9c2-f49da5859271,"ConnectionResetError(104, 'Connection reset by peer')",2
GET,/api/v1/contactservice/contacts/account/5f866813-56d8-45d2-b9d6-fa34bdacafae,"ConnectionResetError(104, 'Connection reset by peer')",1
GET,/api/v1/contactservice/contacts/account/342d2bec-cbff-4ac7-afb1-de01df770641,"ConnectionResetError(104, 'Connection reset by peer')",5
GET,/api/v1/contactservice/contacts/account/38251165-0a1d-459b-9576-dc68f365b850,"ConnectionResetError(104, 'Connection reset by peer')",1
GET,/api/v1/contactservice/contacts/account/1ff25576-bb4a-4dce-8eb6-976a12020081,RemoteDisconnected('Remote end closed connection without response'),10
GET,/api/v1/contactservice/contacts/account/d5435159-a923-4539-a2aa-e3c7c7a5e44f,"ConnectionResetError(104, 'Connection reset by peer')",2
GET,/api/v1/contactservice/contacts/account/995d7800-fd45-4f9d-aa47-39eccead5675,"ConnectionResetError(104, 'Connection reset by peer')",2
GET,/api/v1/contactservice/contacts/account/24e90491-4788-470b-8db7-b69ef21f34c9,"ConnectionResetError(104, 'Connection reset by peer')",3
GET,/api/v1/contactservice/contacts/account/98671f8e-4c67-4efd-906c-62790b27d6a1,"ConnectionResetError(104, 'Connection reset by peer')",1
GET,/api/v1/contactservice/contacts/account/30327d26-3bed-43fc-aa04-4bfe3fcf461a,"ConnectionResetError(104, 'Connection reset by peer')",4
GET,/api/v1/contactservice/contacts/account/6cad8f21-8a2d-4b51-b4e6-46115075f612,"ConnectionResetError(104, 'Connection reset by peer')",3
GET,/api/v1/contactservice/contacts/account/12166e55-cf40-4517-9006-9853a2a17ae2,"ConnectionResetError(104, 'Connection reset by peer')",2
GET,/api/v1/contactservice/contacts/account/8fea6194-d6b6-469f-8672-e65810f8cba7,RemoteDisconnected('Remote end closed connection without response'),12
GET,/client_login.html,"ConnectionResetError(104, 'Connection reset by peer')",1836
GET,/api/v1/contactservice/contacts/account/2cc72257-82b8-42c6-823a-463311514385,RemoteDisconnected('Remote end closed connection without response'),4
GET,/api/v1/contactservice/contacts/account/3b89b14c-c1ec-4d4f-8a60-31d9f52a72a0,"ConnectionResetError(104, 'Connection reset by peer')",5
GET,/api/v1/contactservice/contacts/account/a5376840-7a61-405b-b567-bc35b1d7fa34,RemoteDisconnected('Remote end closed connection without response'),10
GET,/api/v1/contactservice/contacts/account/238bab62-2aa1-47b8-89f6-80b6b89fe90a,"ConnectionResetError(104, 'Connection reset by peer')",2
GET,/api/v1/contactservice/contacts/account/70f940a1-08d3-4b37-bf89-8ff564d0e752,RemoteDisconnected('Remote end closed connection without response'),9
GET,/api/v1/contactservice/contacts/account/ee76ed6c-dda8-45eb-9f5a-b1b69a622183,"ConnectionResetError(104, 'Connection reset by peer')",3
GET,/api/v1/contactservice/contacts/account/cddcfa5e-644a-43e9-8096-526ea8d70f53,RemoteDisconnected('Remote end closed connection without response'),8
GET,/api/v1/contactservice/contacts/account/861fd15b-d44e-4392-82be-b4f20936efb7,RemoteDisconnected('Remote end closed connection without response'),3
GET,/api/v1/contactservice/contacts/account/606421e8-c8d3-458f-886b-ce767e1e3f3f,"ConnectionResetError(104, 'Connection reset by peer')",2
GET,/api/v1/contactservice/contacts/account/a9b7393a-6138-449e-8e46-9bebc5d141ee,RemoteDisconnected('Remote end closed connection without response'),5
GET,/api/v1/contactservice/contacts/account/9c7d0bbc-c897-4dae-a35a-850c3114d724,"ConnectionResetError(104, 'Connection reset by peer')",2
GET,/admin_user.html,RemoteDisconnected('Remote end closed connection without response'),1
GET,/api/v1/contactservice/contacts/account/e672b4cc-39f5-4049-8f6e-c3d35a291f8d,RemoteDisconnected('Remote end closed connection without response'),4
GET,/api/v1/foodservice/foods/2025-06-13/Shang%20Hai/Su%20Zhou/D1345,HTTPError('504 Server Error: Gateway Time-out for url: /api/v1/foodservice/foods/2025-06-13/Shang%20Hai/Su%20Zhou/D1345'),357
GET,/api/v1/contactservice/contacts/account/6f33326a-2161-4404-a8d4-d9389cc7cade,"ConnectionResetError(104, 'Connection reset by peer')",1
GET,/api/v1/contactservice/contacts/account/42278a4e-ddf6-42c1-8a0f-5f8c317e06a0,RemoteDisconnected('Remote end closed connection without response'),10
GET,/api/v1/contactservice/contacts/account/05940e42-b1d5-438e-8988-606923593564,"ConnectionResetError(104, 'Connection reset by peer')",1
GET,/api/v1/contactservice/contacts/account/48b60eca-eea0-4c70-89f7-2dd690af34c8,RemoteDisconnected('Remote end closed connection without response'),5
GET,/api/v1/contactservice/contacts/account/21962c5c-a13b-4057-a363-1b8ab1cc6ef4,RemoteDisconnected('Remote end closed connection without response'),8
GET,/api/v1/contactservice/contacts/account/16a418a7-41a8-4dfa-9afe-61d24042c961,RemoteDisconnected('Remote end closed connection without response'),12
GET,/api/v1/contactservice/contacts/account/5791086a-739b-45d0-9f39-ba6da84a635a,RemoteDisconnected('Remote end closed connection without response'),10
GET,/api/v1/contactservice/contacts/account/96965075-2c87-410c-aa36-8866729c8949,"ConnectionResetError(104, 'Connection reset by peer')",5
GET,/api/v1/contactservice/contacts/account/9c4c3189-262a-45ae-bd9c-e07991c8e2b3,"ConnectionResetError(104, 'Connection reset by peer')",2
GET,/api/v1/contactservice/contacts/account/6a2cd16c-69e1-46e0-be9d-590d8ed2d68d,RemoteDisconnected('Remote end closed connection without response'),13
GET,/api/v1/contactservice/contacts/account/1df67f28-1d38-4985-bd4c-348a8de6430d,"ConnectionResetError(104, 'Connection reset by peer')",3
GET,/api/v1/contactservice/contacts/account/1c0a0f79-0342-465c-8e60-a7a6f503c4ae,RemoteDisconnected('Remote end closed connection without response'),7
GET,/api/v1/contactservice/contacts/account/f18f7d66-c78b-429f-bd21-53eca4c87d5e,RemoteDisconnected('Remote end closed connection without response'),1
GET,/api/v1/contactservice/contacts/account/7dadb31d-3f19-4ed7-9535-dbd69b9bd25b,"ConnectionResetError(104, 'Connection reset by peer')",2
GET,/api/v1/contactservice/contacts/account/d420c5ad-5f7a-4fcb-9f4b-754726fb5af8,RemoteDisconnected('Remote end closed connection without response'),13
GET,/api/v1/contactservice/contacts/account/3b8b4555-eb23-493d-83e3-b699e1cfa419,RemoteDisconnected('Remote end closed connection without response'),5
GET,/api/v1/contactservice/contacts/account/2d225449-cefa-47c4-87e0-8be109211886,"ConnectionResetError(104, 'Connection reset by peer')",2
GET,/api/v1/contactservice/contacts/account/97945115-8ce2-4037-bf12-a0080fd58bd2,"ConnectionResetError(104, 'Connection reset by peer')",1
GET,/api/v1/contactservice/contacts/account/24e90491-4788-470b-8db7-b69ef21f34c9,RemoteDisconnected('Remote end closed connection without response'),4
GET,/api/v1/contactservice/contacts/account/47913942-bc40-4dff-be58-3ec860bdfae7,RemoteDisconnected('Remote end closed connection without response'),7
GET,/api/v1/contactservice/contacts/account/742f2452-5091-4907-b859-1c584e9aa6fa,RemoteDisconnected('Remote end closed connection without response'),9
GET,/api/v1/contactservice/contacts/account/bc83fb6b-d1f2-46eb-a49a-fbb101b3627d,RemoteDisconnected('Remote end closed connection without response'),9
GET,/api/v1/contactservice/contacts/account/65de92f7-7c2d-44ec-ba41-c7504bf0eb5d,RemoteDisconnected('Remote end closed connection without response'),12
GET,/api/v1/contactservice/contacts/account/dee43377-7f9c-4df5-82c9-0e4182746beb,"ConnectionResetError(104, 'Connection reset by peer')",2
POST,/api/v1/travelservice/trips/left,HTTPError('504 Server Error: Gateway Time-out for url: /api/v1/travelservice/trips/left'),652
GET,/api/v1/contactservice/contacts/account/35c2e5cc-61d2-4f13-9060-4900bb1d605c,RemoteDisconnected('Remote end closed connection without response'),16
GET,/api/v1/contactservice/contacts/account/c3b4d3bb-2caf-442e-995c-e8e32cbb0041,"ConnectionResetError(104, 'Connection reset by peer')",1
GET,/api/v1/contactservice/contacts/account/a51ab851-f22c-4706-bea3-595935183c3b,RemoteDisconnected('Remote end closed connection without response'),5
GET,/api/v1/contactservice/contacts/account/4c2e61fe-b93b-4d01-a59e-ddf1029daa67,RemoteDisconnected('Remote end closed connection without response'),1
GET,/api/v1/contactservice/contacts/account/16a418a7-41a8-4dfa-9afe-61d24042c961,"ConnectionResetError(104, 'Connection reset by peer')",1
GET,/api/v1/contactservice/contacts/account/,HTTPError('500 Server Error:  for url: /api/v1/contactservice/contacts/account/'),180
GET,/api/v1/contactservice/contacts/account/c6226ce9-cc57-411e-8977-a8a9ba4a9a81,RemoteDisconnected('Remote end closed connection without response'),1
GET,/api/v1/contactservice/contacts/account/0bb2aacd-4887-4c5e-9641-13022f5ca601,"ConnectionResetError(104, 'Connection reset by peer')",2
GET,/client_ticket_book.html?tripId=D1345&from=Shang%20Hai&to=Su%20Zhou&seatType=2&seat_price=50.0&date=2025-06-13,RemoteDisconnected('Remote end closed connection without response'),6679
GET,/api/v1/contactservice/contacts/account/e7b41533-3de8-4b02-b7d6-424ffff880b2,RemoteDisconnected('Remote end closed connection without response'),5
GET,/api/v1/adminuserservice/users,RemoteDisconnected('Remote end closed connection without response'),415
GET,/api/v1/contactservice/contacts/account/8f28e145-bbaa-402b-b505-5ae581527f62,RemoteDisconnected('Remote end closed connection without response'),9
GET,/api/v1/contactservice/contacts/account/6fc53eeb-4625-4b19-9c48-0473f5860692,RemoteDisconnected('Remote end closed connection without response'),8
GET,/api/v1/contactservice/contacts/account/f9f80d13-8710-4f6b-920e-0cddb436c84b,RemoteDisconnected('Remote end closed connection without response'),5
GET,/index.html,"ConnectionResetError(104, 'Connection reset by peer')",1942
GET,/api/v1/contactservice/contacts/account/1b8947c1-985c-432f-9557-c7bad7dc5c96,"ConnectionResetError(104, 'Connection reset by peer')",3
GET,/api/v1/contactservice/contacts/account/e2649f35-2d0d-435d-a3e3-41927e853a98,RemoteDisconnected('Remote end closed connection without response'),5
GET,/api/v1/contactservice/contacts/account/c990cc37-7d77-4a4a-b6b8-c913842fc9bb,RemoteDisconnected('Remote end closed connection without response'),4
GET,/api/v1/contactservice/contacts/account/9117d1ed-cf89-4fbe-9986-53640c0f448b,RemoteDisconnected('Remote end closed connection without response'),29
GET,/api/v1/contactservice/contacts/account/262ea9fb-1cf7-4a2a-9ecb-62ddd93fa9fd,"ConnectionResetError(104, 'Connection reset by peer')",2
GET,/api/v1/contactservice/contacts/account/120f014e-9a73-4758-a41d-b59d34f1e65a,"ConnectionResetError(104, 'Connection reset by peer')",2
GET,/api/v1/contactservice/contacts/account/5f8e8c19-3bf6-43a4-a181-abc2f6dae5d8,"ConnectionResetError(104, 'Connection reset by peer')",1
GET,/api/v1/contactservice/contacts/account/0730214b-343c-4e14-b92b-b3fee6e6b01c,RemoteDisconnected('Remote end closed connection without response'),12
GET,/api/v1/contactservice/contacts/account/e7c661aa-13b2-494a-a1ed-c16a44cf4d74,"ConnectionResetError(104, 'Connection reset by peer')",2
GET,/api/v1/contactservice/contacts/account/a6382526-a3e2-4c73-add4-70fda636ee24,RemoteDisconnected('Remote end closed connection without response'),18
GET,/api/v1/contactservice/contacts/account/8a7495c4-944b-4ca6-a96e-9cb6b92eb20b,"ConnectionResetError(104, 'Connection reset by peer')",2
GET,/api/v1/contactservice/contacts/account/f9aa8cf8-8021-47a1-b63a-5427b7666c4c,RemoteDisconnected('Remote end closed connection without response'),13
GET,/api/v1/contactservice/contacts/account/30a69f64-57f0-4040-aedd-aa4bc89d71c8,RemoteDisconnected('Remote end closed connection without response'),5
GET,/api/v1/contactservice/contacts/account/28dfff44-9874-4f5c-a37e-c32f7ed43fd0,RemoteDisconnected('Remote end closed connection without response'),10
GET,/api/v1/contactservice/contacts/account/86a57960-1477-4a81-8c7b-4ae782a0fcde,"ConnectionResetError(104, 'Connection reset by peer')",4
GET,/api/v1/contactservice/contacts/account/77ea89fc-c6d5-4d31-9cbf-bb853294a56a,RemoteDisconnected('Remote end closed connection without response'),8
GET,/api/v1/contactservice/contacts/account/47913942-bc40-4dff-be58-3ec860bdfae7,"ConnectionResetError(104, 'Connection reset by peer')",1
GET,/api/v1/contactservice/contacts/account/ab43f514-ef02-469c-81b6-c1321fb62a22,"ConnectionResetError(104, 'Connection reset by peer')",5
GET,/api/v1/contactservice/contacts/account/3ffae32b-3033-4f4e-bbbf-8bd09d72d2ef,"ConnectionResetError(104, 'Connection reset by peer')",1
GET,/api/v1/contactservice/contacts/account/f32a609a-de74-4262-b0bb-78ff653b87a3,RemoteDisconnected('Remote end closed connection without response'),11
GET,/api/v1/contactservice/contacts/account/a6382526-a3e2-4c73-add4-70fda636ee24,"ConnectionResetError(104, 'Connection reset by peer')",5
GET,/api/v1/contactservice/contacts/account/d5737600-a148-4926-9422-6e8b44eab9d1,RemoteDisconnected('Remote end closed connection without response'),4
GET,/api/v1/contactservice/contacts/account/dc71b8b6-7a66-48c5-9194-eeb05ae1f6be,RemoteDisconnected('Remote end closed connection without response'),1
GET,/api/v1/contactservice/contacts/account/86a57960-1477-4a81-8c7b-4ae782a0fcde,RemoteDisconnected('Remote end closed connection without response'),7
GET,/api/v1/contactservice/contacts/account/4a6ba4c8-82fc-4d94-a05d-a915e2243a61,RemoteDisconnected('Remote end closed connection without response'),8
GET,/api/v1/contactservice/contacts/account/05081d32-804b-47b6-926f-66073e71cd20,RemoteDisconnected('Remote end closed connection without response'),11
GET,/api/v1/contactservice/contacts/account/4ed4e73c-6417-46c0-8d63-246229d86d4a,RemoteDisconnected('Remote end closed connection without response'),4
GET,/api/v1/contactservice/contacts/account/ffc9890f-e7f0-480e-989d-9c8b43b8842f,RemoteDisconnected('Remote end closed connection without response'),14
GET,/api/v1/contactservice/contacts/account/b42b0c15-40af-490e-9129-7551b8ba3e59,"ConnectionResetError(104, 'Connection reset by peer')",4
GET,/api/v1/contactservice/contacts/account/26fc4fc1-8e54-4d0b-ab57-bb178585110e,RemoteDisconnected('Remote end closed connection without response'),1
GET,/api/v1/contactservice/contacts/account/0800fc04-63ff-410a-b504-3d363a4b89f7,RemoteDisconnected('Remote end closed connection without response'),12
POST,/api/v1/users/login,"ConnectionResetError(104, 'Connection reset by peer')",3548
GET,/api/v1/contactservice/contacts/account/ea2d79ae-9873-43ab-a2ba-8568c2492f46,RemoteDisconnected('Remote end closed connection without response'),4
GET,/api/v1/contactservice/contacts/account/97b70763-b9c8-4a7f-90fd-4225e428e995,RemoteDisconnected('Remote end closed connection without response'),6
GET,/api/v1/contactservice/contacts/account/38b3e581-cbe2-41c1-b898-85c40690ee89,RemoteDisconnected('Remote end closed connection without response'),4
GET,/api/v1/contactservice/contacts/account/9c4c3189-262a-45ae-bd9c-e07991c8e2b3,RemoteDisconnected('Remote end closed connection without response'),7
GET,/api/v1/contactservice/contacts/account/acceb517-5d63-4e35-9f44-beff2280145f,"ConnectionResetError(104, 'Connection reset by peer')",2
GET,/api/v1/contactservice/contacts/account/f86695d8-2262-455b-b1cf-0094150ed03a,"ConnectionResetError(104, 'Connection reset by peer')",3
GET,/api/v1/contactservice/contacts/account/7c5959d8-f9c7-439a-b23b-733ea02b38d4,RemoteDisconnected('Remote end closed connection without response'),1
GET,/api/v1/contactservice/contacts/account/85f785f4-aa63-4cef-a2b4-5b227ba737af,RemoteDisconnected('Remote end closed connection without response'),4
GET,/api/v1/contactservice/contacts/account/e4ad0d1d-3df4-4f0b-9522-7da6e06a8d1f,RemoteDisconnected('Remote end closed connection without response'),13
GET,/api/v1/contactservice/contacts/account/b6cb2794-4963-485f-84a4-a219ba5594a6,RemoteDisconnected('Remote end closed connection without response'),5
GET,/api/v1/contactservice/contacts/account/a81fb8db-009d-4930-a1d7-d78c771ff04a,RemoteDisconnected('Remote end closed connection without response'),6
GET,/api/v1/contactservice/contacts/account/9ebcf1d7-6c54-4805-998a-591a331a1490,"ConnectionResetError(104, 'Connection reset by peer')",1
GET,/api/v1/contactservice/contacts/account/fd08c217-400a-4a1f-aa8f-d3514e5a6df2,"ConnectionResetError(104, 'Connection reset by peer')",7
GET,/api/v1/contactservice/contacts/account/fff5f650-6923-4349-b089-c1ffb61a2ca0,RemoteDisconnected('Remote end closed connection without response'),8
GET,/api/v1/contactservice/contacts/account/07e70fcf-cb69-439f-a745-7d2a45965e2e,"ConnectionResetError(104, 'Connection reset by peer')",2
GET,/api/v1/contactservice/contacts/account/6af93748-7998-4f05-bf10-60fbcb0a7ccc,RemoteDisconnected('Remote end closed connection without response'),7
GET,/api/v1/contactservice/contacts/account/5f77db79-f3e5-49d2-8a82-2eabbb558f93,RemoteDisconnected('Remote end closed connection without response'),2
GET,/api/v1/contactservice/contacts/account/efd47510-f6de-4bfe-a07e-b03b1195dbd8,RemoteDisconnected('Remote end closed connection without response'),1
GET,/api/v1/contactservice/contacts/account/0120f772-34ad-4b90-a76e-edc368f9bd38,"ConnectionResetError(104, 'Connection reset by peer')",5
GET,/api/v1/contactservice/contacts/account/8f28e145-bbaa-402b-b505-5ae581527f62,"ConnectionResetError(104, 'Connection reset by peer')",4
GET,/api/v1/contactservice/contacts/account/727b3c22-1925-4d91-a557-3f6aa1e6ea8b,"ConnectionResetError(104, 'Connection reset by peer')",2
GET,/api/v1/contactservice/contacts/account/9e13de11-8569-41cd-8627-f5bbe12336b9,RemoteDisconnected('Remote end closed connection without response'),8
GET,/api/v1/contactservice/contacts/account/1cb8d296-21f8-4561-b578-4b180be1e1f9,RemoteDisconnected('Remote end closed connection without response'),8
GET,/api/v1/contactservice/contacts/account/8385127b-d940-4a16-8482-5f1168a6a6af,RemoteDisconnected('Remote end closed connection without response'),17
GET,/api/v1/contactservice/contacts/account/2eb5140a-fa4c-4c78-b7ab-a427d80324bd,RemoteDisconnected('Remote end closed connection without response'),9
GET,/api/v1/verifycode/generate,RemoteDisconnected('Remote end closed connection without response'),13464
GET,/api/v1/contactservice/contacts/account/214e3415-64d7-4971-b60d-6ba3c359ffcf,"ConnectionResetError(104, 'Connection reset by peer')",7
GET,/api/v1/contactservice/contacts/account/7ea93d91-d042-45f2-aea1-509a42814d60,"ConnectionResetError(104, 'Connection reset by peer')",4
GET,/api/v1/contactservice/contacts/account/c0a6f3c0-1b3e-4082-a984-d2ae7aa5fb9e,"ConnectionResetError(104, 'Connection reset by peer')",1
GET,/api/v1/contactservice/contacts/account/a51ab851-f22c-4706-bea3-595935183c3b,"ConnectionResetError(104, 'Connection reset by peer')",2
GET,/api/v1/contactservice/contacts/account/3b8b4555-eb23-493d-83e3-b699e1cfa419,"ConnectionResetError(104, 'Connection reset by peer')",2
GET,/api/v1/contactservice/contacts/account/586ea895-2d5f-45a6-9465-2d479a15aa86,RemoteDisconnected('Remote end closed connection without response'),4
GET,/api/v1/contactservice/contacts/account/2a6db4ae-4aee-4bd9-9f92-d79c78374204,RemoteDisconnected('Remote end closed connection without response'),9
GET,/api/v1/contactservice/contacts/account/b42b0c15-40af-490e-9129-7551b8ba3e59,RemoteDisconnected('Remote end closed connection without response'),17
POST,/api/v1/travelservice/trips/left,HTTPError('500 Server Error: Internal Server Error for url: /api/v1/travelservice/trips/left'),8
GET,/api/v1/contactservice/contacts/account/f65a4da2-c8ba-4c9a-bd97-be45d24c1a45,RemoteDisconnected('Remote end closed connection without response'),17
GET,/api/v1/contactservice/contacts/account/5e116c32-3eec-4e7f-97ec-84fccc984378,"ConnectionResetError(104, 'Connection reset by peer')",1
GET,/api/v1/contactservice/contacts/account/ef6ad5bb-d254-4e9c-8ea5-149293bc6f90,RemoteDisconnected('Remote end closed connection without response'),2
GET,/api/v1/verifycode/generate,HTTPError('500 Server Error: Internal Server Error for url: /api/v1/verifycode/generate'),4
GET,/api/v1/contactservice/contacts/account/c3fd97ec-9540-4991-a36e-e7966fd392e0,"ConnectionResetError(104, 'Connection reset by peer')",1
GET,/api/v1/contactservice/contacts/account/15ca3d15-356b-40b5-a37b-e1050cc20af9,"ConnectionResetError(104, 'Connection reset by peer')",5
GET,/api/v1/contactservice/contacts/account/e8a6ea15-0641-4bea-ba7e-4c7c92bbc4c6,"ConnectionResetError(104, 'Connection reset by peer')",1
GET,/api/v1/contactservice/contacts/account/a741a813-5177-4bc8-bb6c-3929f79bd85f,RemoteDisconnected('Remote end closed connection without response'),7
GET,/api/v1/contactservice/contacts/account/d5737600-a148-4926-9422-6e8b44eab9d1,"ConnectionResetError(104, 'Connection reset by peer')",4
GET,/api/v1/contactservice/contacts/account/b3ee52f8-d27f-41b9-b704-16e577be2dee,"ConnectionResetError(104, 'Connection reset by peer')",1
GET,/api/v1/contactservice/contacts/account/9dc2f06e-60dc-4e61-9761-1e404a3ad3fa,"ConnectionResetError(104, 'Connection reset by peer')",5
GET,/api/v1/contactservice/contacts/account/75312c74-de2f-47dc-9fa2-ccdc4a34cce0,"ConnectionResetError(104, 'Connection reset by peer')",5
GET,/api/v1/contactservice/contacts/account/1b28b921-f1cc-404a-8b78-c892c4776e22,RemoteDisconnected('Remote end closed connection without response'),7
GET,/api/v1/contactservice/contacts/account/2fda0625-5463-4571-af0e-c77fed6fc413,"ConnectionResetError(104, 'Connection reset by peer')",2
GET,/api/v1/contactservice/contacts/account/f9f80d13-8710-4f6b-920e-0cddb436c84b,"ConnectionResetError(104, 'Connection reset by peer')",1
GET,/api/v1/contactservice/contacts/account/b54dd3d4-e8ce-4004-b0b1-c229b213d6a4,RemoteDisconnected('Remote end closed connection without response'),4
GET,/api/v1/contactservice/contacts/account/09fe7c77-3f32-4e63-9340-96bbc4fa9c4a,"ConnectionResetError(104, 'Connection reset by peer')",2
GET,/api/v1/contactservice/contacts/account/c47694b8-6c3d-49c0-aec2-a5c47d338f61,"ConnectionResetError(104, 'Connection reset by peer')",1
GET,/api/v1/contactservice/contacts/account/15047af6-be58-4547-8405-7d0b5fb6a78c,RemoteDisconnected('Remote end closed connection without response'),13
GET,/api/v1/contactservice/contacts/account/a5779db9-1a9d-484a-ae40-4dda564b5316,RemoteDisconnected('Remote end closed connection without response'),16
GET,/api/v1/contactservice/contacts/account/2ae50b58-4110-4e61-9d10-4f2843e29246,RemoteDisconnected('Remote end closed connection without response'),11
GET,/api/v1/contactservice/contacts/account/322bede7-a1ed-4732-b269-c8df0d731787,"ConnectionResetError(104, 'Connection reset by peer')",4
GET,/api/v1/contactservice/contacts/account/36cc16fc-648d-4c35-b632-5f7a91bf28a8,RemoteDisconnected('Remote end closed connection without response'),13
GET,/api/v1/contactservice/contacts/account/28a3ac09-9423-491b-84dc-c35fd171a6ff,"ConnectionResetError(104, 'Connection reset by peer')",3
GET,/api/v1/contactservice/contacts/account/a5779db9-1a9d-484a-ae40-4dda564b5316,"ConnectionResetError(104, 'Connection reset by peer')",5
GET,/api/v1/contactservice/contacts/account/7e25d1c7-164b-401b-a0fd-1a94df386fdc,RemoteDisconnected('Remote end closed connection without response'),8
GET,/api/v1/contactservice/contacts/account/70f940a1-08d3-4b37-bf89-8ff564d0e752,"ConnectionResetError(104, 'Connection reset by peer')",2
GET,/api/v1/contactservice/contacts/account/17fb7f88-485a-4ae2-9e43-a26654f48fd4,RemoteDisconnected('Remote end closed connection without response'),1
GET,/api/v1/contactservice/contacts/account/076290dd-0695-48eb-8577-2f1392551570,RemoteDisconnected('Remote end closed connection without response'),5
GET,/api/v1/contactservice/contacts/account/0120f772-34ad-4b90-a76e-edc368f9bd38,RemoteDisconnected('Remote end closed connection without response'),12
GET,/api/v1/contactservice/contacts/account/70a02c25-fabf-4ddc-b066-ab273d53dae5,RemoteDisconnected('Remote end closed connection without response'),3
GET,/api/v1/contactservice/contacts/account/b64c12aa-1b15-49d5-9bbd-a9bd6f772522,RemoteDisconnected('Remote end closed connection without response'),6
GET,/api/v1/contactservice/contacts/account/bc83fb6b-d1f2-46eb-a49a-fbb101b3627d,"ConnectionResetError(104, 'Connection reset by peer')",6
GET,/api/v1/contactservice/contacts/account/fb52d3db-025c-470d-84d2-92a770f5d57a,RemoteDisconnected('Remote end closed connection without response'),5
GET,/api/v1/contactservice/contacts/account/8d291ed7-432f-4d53-92c3-d2ccb7ea08c8,RemoteDisconnected('Remote end closed connection without response'),5
GET,/api/v1/contactservice/contacts/account/8697e923-e3a1-4eaf-82c2-9b91154e0912,"ConnectionResetError(104, 'Connection reset by peer')",7
GET,/api/v1/contactservice/contacts/account/ce78ff84-d960-4ea4-a52f-cb57e94c7d4d,"ConnectionResetError(104, 'Connection reset by peer')",6
GET,/api/v1/contactservice/contacts/account/e8a6ea15-0641-4bea-ba7e-4c7c92bbc4c6,RemoteDisconnected('Remote end closed connection without response'),3
GET,/api/v1/contactservice/contacts/account/973454b4-6c9f-495b-aad1-a26351bbcfc3,RemoteDisconnected('Remote end closed connection without response'),6
GET,/api/v1/contactservice/contacts/account/cbf66ea3-2d00-4817-b524-a3ad5a8686b6,"ConnectionResetError(104, 'Connection reset by peer')",5
GET,/api/v1/contactservice/contacts/account/ef063e13-5da2-4634-a048-c747b0e74153,"ConnectionResetError(104, 'Connection reset by peer')",4
GET,/api/v1/contactservice/contacts/account/0f7c575e-c016-47ce-9d92-dcf79592e3ce,RemoteDisconnected('Remote end closed connection without response'),5
GET,/adminlogin.html,RemoteDisconnected('Remote end closed connection without response'),6529
GET,/api/v1/contactservice/contacts/account/76f48956-1dc5-470b-a627-389d6a2e2673,RemoteDisconnected('Remote end closed connection without response'),6
GET,/api/v1/contactservice/contacts/account/50630019-a1cb-4c97-8819-97853f6cc788,"ConnectionResetError(104, 'Connection reset by peer')",1
GET,/api/v1/contactservice/contacts/account/dfa1dded-817d-432e-a18c-60be9db31cb1,RemoteDisconnected('Remote end closed connection without response'),4
GET,/api/v1/contactservice/contacts/account/34b99c40-3d11-4913-8175-9064a45efece,"ConnectionResetError(104, 'Connection reset by peer')",1
GET,/api/v1/contactservice/contacts/account/ac628fcd-11c2-47e4-ab2e-310ddf2d79b4,"ConnectionResetError(104, 'Connection reset by peer')",4
GET,/api/v1/contactservice/contacts/account/34b99c40-3d11-4913-8175-9064a45efece,RemoteDisconnected('Remote end closed connection without response'),10
GET,/api/v1/contactservice/contacts/account/72192a52-8866-40c1-8310-9694fe65da38,"ConnectionResetError(104, 'Connection reset by peer')",1
GET,/api/v1/contactservice/contacts/account/09fe7c77-3f32-4e63-9340-96bbc4fa9c4a,RemoteDisconnected('Remote end closed connection without response'),11
GET,/api/v1/contactservice/contacts/account/1cb8d296-21f8-4561-b578-4b180be1e1f9,"ConnectionResetError(104, 'Connection reset by peer')",3
GET,/api/v1/contactservice/contacts/account/dc5a1405-e0f1-4465-9b1e-ce2e1c6899f5,RemoteDisconnected('Remote end closed connection without response'),8
GET,/api/v1/contactservice/contacts/account/3f9fec7f-a0d0-4bb5-aa52-d22d0aa9652a,RemoteDisconnected('Remote end closed connection without response'),15
GET,/api/v1/contactservice/contacts/account/4304c3aa-d08c-4f46-8bc9-eec26c360060,"ConnectionResetError(104, 'Connection reset by peer')",1
GET,/api/v1/contactservice/contacts/account/7f5fa783-820a-44fc-b95f-89e5a543d5bd,"ConnectionResetError(104, 'Connection reset by peer')",3
GET,/api/v1/contactservice/contacts/account/6fc53eeb-4625-4b19-9c48-0473f5860692,"ConnectionResetError(104, 'Connection reset by peer')",5
GET,/api/v1/contactservice/contacts/account/90dcea4a-d93c-4ff3-96c7-e30ffadc9622,"ConnectionResetError(104, 'Connection reset by peer')",6
GET,/api/v1/contactservice/contacts/account/fafadad6-3037-437b-953c-0ae93b51be40,RemoteDisconnected('Remote end closed connection without response'),1
GET,/api/v1/contactservice/contacts/account/68c7e21a-af4b-4db7-83e0-41ebe5d0d3b3,RemoteDisconnected('Remote end closed connection without response'),6
GET,/api/v1/contactservice/contacts/account/efd2f52b-c14e-47ec-9aff-e8c3532fad0c,"ConnectionResetError(104, 'Connection reset by peer')",5
GET,/api/v1/contactservice/contacts/account/235d54dd-4bc6-4c68-838a-8a788b3e1362,RemoteDisconnected('Remote end closed connection without response'),4
GET,/api/v1/contactservice/contacts/account/73654b0e-a4d1-4a0a-a1dd-5202272bce09,"ConnectionResetError(104, 'Connection reset by peer')",2
GET,/api/v1/contactservice/contacts/account/11a7ed2a-25d6-40f9-8d2c-25944bd782d0,RemoteDisconnected('Remote end closed connection without response'),8
GET,/api/v1/contactservice/contacts/account/76f48956-1dc5-470b-a627-389d6a2e2673,"ConnectionResetError(104, 'Connection reset by peer')",1
GET,/api/v1/contactservice/contacts/account/9556f0d0-bbdd-4ebb-9626-69d3f8cc1f94,RemoteDisconnected('Remote end closed connection without response'),13
GET,/api/v1/contactservice/contacts/account/a0b6df0e-fc5e-4085-af7e-805bd4648365,RemoteDisconnected('Remote end closed connection without response'),3
GET,/api/v1/contactservice/contacts/account/e7f68abf-7c05-41f3-92f9-3155409ca74c,RemoteDisconnected('Remote end closed connection without response'),2
GET,/api/v1/contactservice/contacts/account/2ae50b58-4110-4e61-9d10-4f2843e29246,"ConnectionResetError(104, 'Connection reset by peer')",2
GET,/api/v1/contactservice/contacts/account/238bab62-2aa1-47b8-89f6-80b6b89fe90a,RemoteDisconnected('Remote end closed connection without response'),1
GET,/api/v1/contactservice/contacts/account/0bcd0e92-98b4-4fef-a66b-8f49bfbb25cc,RemoteDisconnected('Remote end closed connection without response'),7
POST,/api/v1/travelservice/trips/left,"ConnectionResetError(104, 'Connection reset by peer')",1990
GET,/api/v1/adminorderservice/adminorder,RemoteDisconnected('Remote end closed connection without response'),307
GET,/api/v1/contactservice/contacts/account/d436b567-e650-4794-a834-56c050719d59,"ConnectionResetError(104, 'Connection reset by peer')",1
GET,/api/v1/contactservice/contacts/account/2eb5140a-fa4c-4c78-b7ab-a427d80324bd,"ConnectionResetError(104, 'Connection reset by peer')",3
GET,/api/v1/contactservice/contacts/account/7dadb31d-3f19-4ed7-9535-dbd69b9bd25b,RemoteDisconnected('Remote end closed connection without response'),5
GET,/api/v1/contactservice/contacts/account/f9da1094-f0a5-4a81-ab7d-5645f4e9fe75,RemoteDisconnected('Remote end closed connection without response'),6
GET,/api/v1/contactservice/contacts/account/68965fc3-c75c-49a1-8d4d-e618a09c18bd,RemoteDisconnected('Remote end closed connection without response'),7
GET,/api/v1/contactservice/contacts/account/fd82c8c6-18ce-4fb5-a2f1-fe94754c77ca,RemoteDisconnected('Remote end closed connection without response'),6
GET,/api/v1/contactservice/contacts/account/d9f29eed-c64f-4437-b9dc-e83237aee6c7,RemoteDisconnected('Remote end closed connection without response'),3
GET,/api/v1/contactservice/contacts/account/963467d6-0f9b-40a9-abd5-6db6d0539ac5,RemoteDisconnected('Remote end closed connection without response'),7
GET,/api/v1/contactservice/contacts/account/a7c3a682-e015-4498-88c8-0f6504c6b5e3,RemoteDisconnected('Remote end closed connection without response'),10
GET,/api/v1/contactservice/contacts/account/995d7800-fd45-4f9d-aa47-39eccead5675,RemoteDisconnected('Remote end closed connection without response'),5
GET,/api/v1/contactservice/contacts/account/10a8c2a3-3df0-4b5b-90dd-4718bdabc068,RemoteDisconnected('Remote end closed connection without response'),7
GET,/api/v1/contactservice/contacts/account/2b6a06ed-adf8-48f9-ad62-42143ffefb00,"ConnectionResetError(104, 'Connection reset by peer')",1
GET,/api/v1/contactservice/contacts/account/e2649f35-2d0d-435d-a3e3-41927e853a98,"ConnectionResetError(104, 'Connection reset by peer')",1
GET,/api/v1/contactservice/contacts/account/ff168140-5567-4fe4-8865-e37bf46366e2,RemoteDisconnected('Remote end closed connection without response'),8
GET,/api/v1/contactservice/contacts/account/53612624-122e-4333-92a9-dc70bb629701,RemoteDisconnected('Remote end closed connection without response'),8
GET,/api/v1/contactservice/contacts/account/e7f68abf-7c05-41f3-92f9-3155409ca74c,"ConnectionResetError(104, 'Connection reset by peer')",1
GET,/api/v1/contactservice/contacts/account/d1c33930-7894-40c6-9553-0cf968dfb8c8,RemoteDisconnected('Remote end closed connection without response'),2
GET,/api/v1/contactservice/contacts/account/b7cbed8f-3726-4448-b33c-539ed4a6719d,"ConnectionResetError(104, 'Connection reset by peer')",2
GET,/api/v1/contactservice/contacts/account/4172b4f8-4f64-4ac1-8c26-340142b48ec9,RemoteDisconnected('Remote end closed connection without response'),12
GET,/api/v1/contactservice/contacts/account/0811815c-687f-40df-9e6d-7f254687e129,RemoteDisconnected('Remote end closed connection without response'),3
GET,/api/v1/contactservice/contacts/account/fff5f650-6923-4349-b089-c1ffb61a2ca0,"ConnectionResetError(104, 'Connection reset by peer')",4
GET,/api/v1/contactservice/contacts/account/28a3ac09-9423-491b-84dc-c35fd171a6ff,RemoteDisconnected('Remote end closed connection without response'),19
GET,/api/v1/contactservice/contacts/account/0730214b-343c-4e14-b92b-b3fee6e6b01c,"ConnectionResetError(104, 'Connection reset by peer')",4
GET,/api/v1/contactservice/contacts/account/8da59d7d-5418-4770-bab4-593db9265027,"ConnectionResetError(104, 'Connection reset by peer')",2
GET,/api/v1/contactservice/contacts/account/6668b0dc-c065-444e-bc11-f30f01535fb5,RemoteDisconnected('Remote end closed connection without response'),3
GET,/api/v1/contactservice/contacts/account/38251165-0a1d-459b-9576-dc68f365b850,RemoteDisconnected('Remote end closed connection without response'),5
GET,/api/v1/contactservice/contacts/account/efd47510-f6de-4bfe-a07e-b03b1195dbd8,"ConnectionResetError(104, 'Connection reset by peer')",1
GET,/api/v1/contactservice/contacts/account/51b79f7e-ec45-4985-a1b9-81e2204d39d5,"ConnectionResetError(104, 'Connection reset by peer')",3
POST,/api/v1/contactservice/contacts,RemoteDisconnected('Remote end closed connection without response'),13
GET,/api/v1/contactservice/contacts/account/322bede7-a1ed-4732-b269-c8df0d731787,RemoteDisconnected('Remote end closed connection without response'),5
GET,/api/v1/contactservice/contacts/account/95c90faf-399a-4a13-880a-6b84cd0c0ec0,RemoteDisconnected('Remote end closed connection without response'),12
GET,/api/v1/contactservice/contacts/account/9949a4ea-98b4-4a39-acc8-a1cf3d920921,"ConnectionResetError(104, 'Connection reset by peer')",1
GET,/api/v1/contactservice/contacts/account/342d2bec-cbff-4ac7-afb1-de01df770641,RemoteDisconnected('Remote end closed connection without response'),9
GET,/api/v1/contactservice/contacts/account/8fd31713-ae35-4440-a41d-b38aee08fa88,RemoteDisconnected('Remote end closed connection without response'),10
GET,/api/v1/contactservice/contacts/account/0bb2aacd-4887-4c5e-9641-13022f5ca601,RemoteDisconnected('Remote end closed connection without response'),8
GET,/api/v1/contactservice/contacts/account/15c025aa-f552-4c0c-a4b7-4b175860f776,"ConnectionResetError(104, 'Connection reset by peer')",2
